"gene","inheritance"
"","AD"
"","AD"
"ISG15","AR"
"AGRN","AR"
"TNFRSF4","AR"
"B3GALT6","AR"
"DVL1","AD"
"VWA1","AR"
"ATAD3A","AD"
"TMEM240","AD"
"GNB1","AD"
"GABRD","AD"
"SKI","AD"
"","AD"
"","AR"
"PEX10","AR"
"PRDM16","AD"
"TP73","AR"
"SMIM1","AR"
"CEP104","AR"
"","AR"
"NPHP4","AR"
"ESPN","AR"
"PLEKHG5","AR"
"CAMTA1","AD"
"PER3","AD"
"PARK7","AR"
"SLC45A1","AR"
"RERE","AD"
"H6PD","AR"
"PIK3CD","AD"
"NMNAT1","AR"
"KIF1B","AD"
"PEX14","AR"
"TARDBP","AD"
"MASP2","AR"
"MTOR","AD"
"UBIAD1","AD"
"MAD2L2","AR"
"MTHFR","AD"
"CLCN6","AD"
"NPPA","AD"
"PLOD1","AR"
"MFN2","AD"
"VPS13D","AR"
"","AR"
"","AD"
"CTRC","AD"
"CELA2A","AD"
"SPEN","AD"
"","AD"
"","AD"
"CLCNKB","AR"
"EPHA2","AD"
"ATP13A2","AR"
"SDHB","AD"
"PADI3","AR"
"PADI6","AR"
"PAX7","AR"
"ALDH4A1","AR"
"EMC1","AR"
"PLA2G2A","AD"
"PLA2G5","AR"
"PINK1","AR"
"DDOST","AR"
"ECE1","AD"
"ALPL","AD"
"HSPG2","AR"
"CDC42","AD"
"WNT4","AD"
"C1QA","AR"
"C1QC","AR"
"C1QB","AR"
"EPHB2","AR"
"KDM1A","AD"
"","AD"
"","AD"
"","AD"
"RPL11","AD"
"GALE","AR"
"HMGCL","AR"
"FUCA1","AR"
"GRHL3","AD"
"LDLRAP1","AR"
"SELENON","AD"
"SLC30A2","AD"
"DHDDS","AD"
"ARID1A","AD"
"PIGV","AR"
"NR0B2","AD"
"KDF1","AD"
"SLC9A1","AR"
"TMEM222","AR"
"FCN3","AR"
"AHDC1","AD"
"EPB41","AD"
"MECR","AR"
"SDC3","AD"
"PUM1","AD"
"CCDC28B","AR"
"LCK","AR"
"","AD"
"YARS1","AD"
"HPCA","AR"
"AK2","AR"
"GJB4","AD"
"GJB3","AD"
"NCDN","AD"
"ADPRS","AR"
"COL8A2","AD"
"CSF3R","AR"
"SNIP1","AR"
"RSPO1","AR"
"MACF1","AD"
"TRIT1","AR"
"MFSD2A","AR"
"PPT1","AR"
"ZMPSTE24","AR"
"COL9A2","AD"
"KCNQ4","AD"
"CTPS1","AR"
"PPCS","AR"
"CLDN19","AR"
"P3H1","AR"
"SVBP","AR"
"SLC2A1","AD"
"TIE1","AD"
"MPL","AD"
"ELOVL1","AD"
"SZT2","AR"
"PTPRF","AR"
"","AD"
"ST3GAL3","AR"
"SLC6A9","AR"
"PTCH2","AD"
"EIF2B3","AR"
"UROD","AD"
"HPDL","AR"
"MUTYH","AR"
"TOE1","AR"
"MMACHC","AR"
"PRDX1","AR"
"POMGNT1","AR"
"RAD54L","AD"
"","AR"
"","AD"
"","AD"
"STIL","AR"
"FOXE3","AD"
"ORC1","AR"
"COA7","AR"
"SCP2","AR"
"CPT2","AD"
"PARS2","AR"
"DHCR24","AR"
"BSND","AR"
"PCSK9","AD"
"C8A","AR"
"C8B","AR"
"DAB1","AD"
"TACSTD2","AR"
"MYSM1","AR"
"NFIA","AD"
"DOCK7","AR"
"ANGPTL3","AR"
"FOXD3","AD"
"ALG6","AR"
"PGM1","AR"
"ROR1","AR"
"JAK1","AD"
"DNAJC6","AR"
"LEPR","AR"
"SLC35D1","AR"
"RPE65","AD"
"","AR"
"","AD"
"CTH","AR"
"TNNI3K","AD"
"ACADM","AR"
"PIGK","AR"
"NEXN","AD"
"PRKACB","AD"
"BCL10","AR"
"HS2ST1","AR"
"ZNF644","AD"
"HFM1","AR"
"BRDT","AR"
"GLMN","AD"
"GFI1","AD"
"RPL5","AD"
"ABCA4","AD"
"ABCD3","AR"
"ALG14","AR"
"DPYD","AR"
"AGL","AR"
"SLC35A3","AR"
"SASS6","AR"
"DBT","AR"
"CDC14A","AR"
"GPR88","AR"
"","AD"
"","AR"
"","AD"
"COL11A1","AD"
"RNPC3","AR"
"SLC25A24","AD"
"GPSM2","AR"
"CLCC1","AR"
"TAF13","AR"
"SARS1","AR"
"SORT1","AD"
"GNAI3","AD"
"AMPD2","AR"
"EPS8L3","AD"
"ALX3","AR"
"SLC6A17","AR"
"KCNA2","AD"
"DRAM2","AR"
"KCND3","AD"
"WNT2B","AR"
"SLC16A1","AD"
"LRIG2","AR"
"PTPN22","AD"
"AP4B1","AR"
"AMPD1","AR"
"NRAS","AD"
"TSHB","AR"
"NGF","AR"
"","AD"
"VANGL1","AD"
"CASQ2","AR"
"ATP1A1","AD"
"IGSF3","AR"
"GDAP2","AR"
"SPAG17","AR"
"TBX15","AR"
"WARS2","AR"
"HSD3B2","AR"
"PHGDH","AR"
"HMGCS2","AR"
"NOTCH2","AD"
"","AR"
"","AD"
"","AD"
"PEX11B","AR"
"RBM8A","AR"
"POLR3GL","AR"
"HJV","AR"
"GJA5","AD"
"GJA8","AD"
"NOTCH2NLC","AD"
"SF3B4","AD"
"VPS45","AR"
"PRPF3","AD"
"TARS2","AR"
"ECM1","AR"
"ADAMTSL4","AR"
"","AD"
"","AD"
"","AD"
"CTSK","AR"
"PRUNE1","AR"
"ZNF687","AD"
"RFX5","AR"
"SELENBP1","AR"
"PSMB4","AR"
"POGZ","AD"
"RORC","AR"
"TCHH","AR"
"FLG","AD"
"FLG2","AR"
"LORICRIN","AD"
"GATAD2B","AD"
"RPS27","AD"
"TPM3","AD"
"HAX1","AR"
"IL6R","AR"
"ADAR","AD"
"KCNN3","AD"
"PMVK","AD"
"FLAD1","AR"
"DPM3","AR"
"MUC1","AD"
"GBA","AD"
"PKLR","AD"
"FDPS","AD"
"ASH1L","AD"
"MSTO1","AD"
"YY1AP1","AR"
"RIT1","AD"
"ARHGEF2","AR"
"LAMTOR2","AR"
"LMNA","AD"
"SEMA4A","AD"
"NAXE","AR"
"NTRK1","AR"
"KIRREL1","AR"
"SPTA1","AD"
"CADM3","AD"
"ACKR1","AD"
"PIGM","AR"
"KCNJ10","AR"
"ATP1A2","AD"
"CASQ1","AD"
"DCAF8","AD"
"PEX19","AR"
"COPA","AD"
"NCSTN","AD"
"VANGL2","AD"
"NECTIN4","AR"
"UFC1","AR"
"PPOX","AD"
"NDUFS2","AR"
"APOA2","AD"
"MPZ","AD"
"SDHC","AD"
"FCGR2A","AD"
"FCGR3A","AR"
"FCGR2B","AD"
"ATF6","AR"
"NOS1AP","AR"
"DDR2","AD"
"PBX1","AD"
"LMX1A","AD"
"TMCO1","AR"
"CD247","AR"
"ADCY10","AD"
"TBX19","AR"
"SLC19A2","AR"
"F5","AD"
"GORAB","AR"
"PRRX1","AD"
"","AD"
"FMO3","AR"
"MYOC","AD"
"METTL13","AD"
"PIGC","AR"
"FASLG","AD"
"DARS2","AR"
"SERPINC1","AD"
"MRPS14","AR"
"PAPPA2","AR"
"NPHS2","AR"
"TOR1AIP1","AR"
"LHX4","AD"
"XPR1","AD"
"CACNA1E","AD"
"GLUL","AR"
"RNASEL","AD"
"LAMC2","AR"
"NCF2","AR"
"TSEN15","AR"
"EDEM3","AR"
"RNF2","AD"
"IVNS1ABP","AD"
"HMCN1","AD"
"","AD"
"PRG4","AR"
"PLA2G4A","AR"
"CDC73","AD"
"","AD"
"","AD"
"","AD"
"","AD"
"","AD"
"KCNT2","AD"
"CFH","AD"
"CFHR3","AD"
"CFHR1","AD"
"CFHR5","AD"
"F13B","AR"
"ASPM","AR"
"CRB1","AD"
"PTPRC","AR"
"KIF14","AR"
"DDX59","AR"
"INAVA","AD"
"CACNA1S","AD"
"PKP1","AR"
"TNNT2","AD"
"LMOD1","AR"
"UBE2T","AR"
"SYT2","AD"
"KDM5B","AR"
"CHI3L1","AD"
"CHIT1","AR"
"SNRPE","AD"
"REN","AD"
"KISS1","AR"
"PPP1R15B","AR"
"MDM4","AD"
"NFASC","AR"
"CNTN2","AR"
"DSTYK","AD"
"NUAK2","AR"
"SLC41A1","AR"
"CD55","AR"
"CR2","AR"
"CD46","AD"
"LAMB3","AD"
"HSD11B1","AD"
"IRF6","AD"
"SYT14","AR"
"HHAT","AR"
"KCNH1","AD"
"","AD"
"","AD"
"RD3","AR"
"NEK2","AR"
"FLVCR1","AR"
"PTPN14","AR"
"","AD"
"","AD"
"CENPF","AR"
"USH2A","AR"
"TGFB2","AD"
"SLC30A10","AR"
"EPRS1","AR"
"IARS2","AR"
"RAB3GAP2","AR"
"MIA3","AR"
"TLR5","AD"
"DEGS1","AR"
"WDR26","AD"
"LBR","AD"
"TMEM63A","AD"
"PYCR2","AR"
"PSEN2","AD"
"COQ8A","AR"
"ARF1","AD"
"GJC2","AD"
"IBA57","AR"
"ACTA1","AD"
"NUP133","AR"
"GALNT2","AR"
"","AD"
"COG2","AR"
"AGT","AR"
"ARV1","AR"
"GNPAT","AR"
"EXOC8","AR"
"SPRTN","AR"
"EGLN1","AD"
"DISC2","AD"
"COA6","AR"
"","AD"
"","AR"
"IRF2BP2","AD"
"GGPS1","AR"
"TBCE","AR"
"B3GALNT2","AR"
"LYST","AR"
"EDARADD","AD"
"","AR"
"ACTN2","AD"
"MTR","AR"
"RYR2","AD"
"CHRM3","AR"
"FMN2","AR"
"GREM2","AD"
"FH","AD"
"SDCCAG8","AR"
"AKT3","AD"
"ZBTB18","AD"
"COX20","AR"
"HNRNPU","AD"
"NLRP3","AD"
"","AD"
"","AD"
"TPO","AR"
"PXDN","AR"
"MYT1L","AD"
"TRAPPC12","AR"
"RNASEH1","AR"
"RPS7","AD"
"COLEC11","AR"
"SOX11","AD"
"","AR"
"","AD"
"","AD"
"KIDINS220","AD"
"ADAM17","AR"
"ODC1","AD"
"LPIN1","AR"
"NBAS","AR"
"MYCN","AD"
"","AD"
"WDR35","AR"
"MATN3","AD"
"APOB","AD"
"ADCY3","AR"
"POMC","AD"
"DNMT3A","AD"
"ASXL2","AD"
"HADHA","AR"
"HADHB","AR"
"SELENOI","AR"
"DRC1","AR"
"OTOF","AR"
"KCNK3","AD"
"DPYSL5","AD"
"AGBL5","AR"
"KHK","AR"
"SLC5A6","AR"
"CAD","AR"
"MPV17","AR"
"EIF2B4","AR"
"ZNF513","AR"
"IFT172","AR"
"PPP1CB","AD"
"XDH","AR"
"SRD5A2","AR"
"","AD"
"SPAST","AD"
"NLRC4","AD"
"LTBP1","AR"
"","AD"
"EIF2AK2","AD"
"CYP1B1","AR"
"","AD"
"GALM","AR"
"1 SOS","AD"
"","AR"
"","AD"
"","AD"
"PKDCC","AR"
"HAAO","AR"
"DYNC2LI1","AR"
"ABCG5","AR"
"ABCG8","AR"
"LRPPRC","AR"
"SLC3A1","AD"
"PREPL","AR"
"SIX3","AD"
"EPAS1","AD"
"PIGF","AR"
"CRIPT","AR"
"TTC7A","AR"
"CALM2","AD"
"EPCAM","AR"
"MSH2","AD"
"MSH6","AD"
"FBXO11","AD"
"PPP1R21","AR"
"LHCGR","AD"
"FSHR","AD"
"NRXN1","AR"
"SPTBN1","AD"
"","AD"
"CCDC88A","AR"
"PNPT1","AR"
"EFEMP1","AD"
"FANCL","AR"
"BCL11A","AD"
"PEX13","AR"
"WDPCP","AR"
"MDH1","AR"
"UGP2","AR"
"SLC1A4","AR"
"ANTXR1","AD"
"GFPT1","AR"
"NFU1","AR"
"ASPRV1","AD"
"TIA1","AD"
"FIGLA","AD"
"ATP6V1B1","AR"
"MCEE","AR"
"DYSF","AR"
"EXOC6B","AR"
"SPR","AD"
"","AD"
"","AD"
"ALMS1","AR"
"TPRKB","AR"
"STAMBP","AR"
"ACTG2","AD"
"DGUOK","AR"
"TET3","AD"
"BOLA3","AR"
"DCTN1","AD"
"MOGS","AR"
"HTRA2","AR"
"M1AP","AR"
"","AD"
"","AD"
"CTNNA2","AR"
"SUCLG1","AR"
"ELMOD3","AD"
"GGCX","AR"
"SFTPB","AR"
"ST3GAL5","AR"
"POLR1A","AD"
"PTCD3","AR"
"REEP1","AD"
"CD8A","AR"
"EIF2AK3","AR"
"RPIA","AR"
"IGKC","AR"
"STARD7","AD"
"TMEM127","AD"
"SNRNP200","AD"
"NCAPH","AR"
"LMAN2L","AR"
"CNNM4","AR"
"ZAP70","AR"
"VWA3B","AR"
"CNGA3","AR"
"COA5","AR"
"TSGA10","AR"
"LIPT1","AR"
"AFF3","AD"
"POU3F3","AD"
"SLC5A7","AD"
"","AR"
"RANBP2","AD"
"EDAR","AD"
"NPHP1","AR"
"ANAPC1","AR"
"MERTK","AR"
"POLR1B","AD"
"CKAP2L","AR"
"IL1B","AD"
"IL37","AR"
"IL36RN","AR"
"IL1RN","AD"
"PAX8","AD"
"EN1","AR"
"STEAP3","AD"
"GLI2","AD"
"RNU4ATAC","AR"
"","AD"
"","AR"
"BIN1","AR"
"ERCC3","AR"
"PROC","AD"
"LIMS2","AR"
"HS6ST1","AD"
"SMPD4","AR"
"CCDC115","AR"
"CFC1","AD"
"TUBA3D","AD"
"","AD"
"RAB3GAP1","AR"
"LCT","AR"
"MCM6","AD"
"DARS1","AR"
"CXCR4","AD"
"HNMT","AD"
"KYNU","AR"
"ZEB2","AD"
"ORC4","AR"
"MBD5","AD"
"KIF5C","AD"
"MMADHC","AR"
"","AD"
"","AR"
"","AD"
"NEB","AR"
"CACNB4","AD"
"GPD2","AD"
"ACVR1","AD"
"ITGB6","AR"
"TBR1","AD"
"IFIH1","AD"
"","AD"
"SCN3A","AD"
"SCN2A","AD"
"GALNT3","AR"
"TTC21B","AD"
"SCN1A","AD"
"SCN9A","AD"
"","AD"
"ABCB11","AR"
"LRP2","AR"
"BBS5","AR"
"KLHL41","AR"
"METTL5","AR"
"GAD1","AR"
"DCAF17","AR"
"DYNC1I2","AR"
"SLC25A12","AR"
"ITGA6","AR"
"MAP3K20","AR"
"CDCA7","AR"
"WIPF1","AR"
"CHRNA1","AD"
"CHN1","AD"
"LNPK","AR"
"HOXD13","AD"
"HOXD10","AD"
"MTX2","AR"
"NFE2L2","AD"
"AGPS","AR"
"PDE11A","AD"
"PRKRA","AR"
"PJVK","AR"
"TTN","AD"
"","AD"
"","AD"
"NEUROD1","AD"
"","AD"
"FSIP2","AR"
"CALCRL","AR"
"COL3A1","AD"
"COL5A2","AD"
"SLC40A1","AD"
"MSTN","AR"
"HIBCH","AR"
"GLS","AD"
"STAT1","AD"
"HECW2","AD"
"PGAP1","AR"
"HSPD1","AD"
"MARS2","AR"
"SATB2","AD"
"C2orf69","AR"
"NDUFB3","AR"
"CASP10","AD"
"CASP8","AD"
"TMEM237","AR"
"ALS2","AR"
"BMPR2","AD"
"CTLA4","AD"
"ICOS","AR"
"","AD"
"NDUFS1","AR"
"FASTKD2","AR"
"CRYGD","AD"
"CRYGC","AD"
"CRYGB","AD"
"","AD"
"PIKFYVE","AD"
"UNC80","AR"
"MYL1","AR"
"CPS1","AR"
"ERBB4","AD"
"","AD"
"BARD1","AD"
"ABCA12","AR"
"ATIC","AR"
"FN1","AD"
"SMARCAL1","AR"
"PNKD","AD"
"CATIP","AR"
"ZNF142","AR"
"BCS1L","AR"
"STK36","AR"
"CYP27A1","AR"
"PRKAG3","AR"
"WNT10A","AD"
"CRYBA2","AD"
"CFAP65","AR"
"IHH","AD"
"ABCB6","AD"
"TUBA4A","AD"
"DNAJB2","AR"
"DES","AD"
"SPEG","AR"
"GMPPA","AR"
"OBSL1","AR"
"PAX3","AD"
"FARSB","AR"
"AP1S3","AD"
"MRPL44","AR"
"CUL3","AD"
"","AD"
"","AD"
"IRS1","AD"
"COL4A4","AD"
"COL4A3","AD"
"MFF","AR"
"TM4SF20","AD"
"SLC19A3","AR"
"TRIP12","AD"
"SP110","AR"
"ARMC9","AR"
"PDE6D","AR"
"DIS3L2","AR"
"ECEL1","AR"
"PRSS56","AR"
"CHRND","AD"
"CHRNG","AR"
"KCNJ13","AD"
"SAG","AR"
"UGT1A1","AR"
"","AD"
"ACKR3","AR"
"COL6A3","AD"
"MLPH","AR"
"PER2","AD"
"TRAF3IP1","AR"
"TWIST2","AD"
"NDUFA10","AR"
"KIF1A","AD"
"AGXT","AR"
"D2HGDH","AR"
"","AD"
"TRNT1","AR"
"CRBN","AR"
"","AR"
"SUMF1","AR"
"ITPR1","AD"
"GRM7","AR"
"CAV3","AD"
"SETD5","AD"
"MTMR14","AD"
"BRPF1","AD"
"CIDEC","AR"
"JAGN1","AR"
"IL17RC","AR"
"CRELD1","AD"
"FANCD2","AR"
"VHL","AD"
"GHRL","AD"
"ATP2B2","AR"
"SLC6A1","AD"
"ATG7","AR"
"SYN2","AD"
"PPARG","AD"
"TSEN2","AR"
"RAF1","AD"
"IQSEC1","AR"
"","AD"
"WNT7A","AR"
"TMEM43","AD"
"XPC","AR"
"SLC6A6","AR"
"CCDC174","AR"
"MRPS25","AR"
"COLQ","AR"
"BTD","AR"
"SATB1","AD"
"SGO1","AR"
"","AD"
"RPL15","AD"
"THRB","AD"
"RARB","AD"
"NGLY1","AR"
"","AD"
"","AD"
"NEK10","AR"
"TGFBR2","AD"
"","AD"
"STT3B","AR"
"TRIM71","AD"
"GLB1","AR"
"CRTAP","AR"
"","AD"
"MLH1","AD"
"PLCD1","AD"
"MYD88","AR"
"SCN5A","AD"
"SCN10A","AD"
"SCN11A","AD"
"TTC21A","AR"
"SLC25A38","AR"
"RPSA","AD"
"CTNNB1","AD"
"TRAK1","AR"
"KLHL40","AR"
"POMGNT2","AR"
"ANO10","AR"
"ABHD5","AR"
"LARS2","AR"
"SLC6A20","AD"
"LZTFL1","AR"
"FYCO1","AR"
"TMIE","AR"
"MYL3","AD"
"PTH1R","AD"
"NBEAL2","AR"
"SETD2","AD"
"PTPN23","AR"
"DHX30","AD"
"TREX1","AD"
"COL7A1","AD"
"UQCRC1","AD"
"SLC25A20","AR"
"P4HTM","AR"
"DALRD3","AR"
"NDUFAF3","AR"
"QRICH1","AD"
"QARS1","AR"
"LAMB2","AR"
"KLHDC8B","AR"
"GPX1","AR"
"AMT","AR"
"DAG1","AR"
"GMPPB","AR"
"TRAIP","AR"
"MST1R","AD"
"GNAT1","AD"
"GNAI2","AD"
"HYAL1","AR"
"ZMYND10","AR"
"NPRL2","AD"
"CACNA2D2","AR"
"MAPKAPK3","AD"
"DOCK3","AR"
"ACY1","AR"
"POC1A","AR"
"GLYCTK","AR"
"DNAH1","AR"
"BAP1","AD"
"TNNC1","AD"
"RFT1","AR"
"PRKCD","AR"
"TKT","AR"
"CACNA1D","AD"
"WNT5A","AD"
"IL17RD","AD"
"HESX1","AD"
"APPL1","AD"
"FLNB","AD"
"DNASE1L3","AR"
"PDHB","AR"
"ACOX2","AR"
"ATXN7","AD"
"SLC25A26","AR"
"EOGT","AR"
"LMOD3","AR"
"MITF","AD"
"FOXP1","AD"
"PROK2","AD"
"ROBO2","AD"
"GBE1","AR"
"","AD"
"CHMP2B","AD"
"POU1F1","AD"
"PROS1","AD"
"ARL13B","AR"
"","AD"
"6,00 ARL","AR"
"CPOX","AD"
"TBC1D23","AR"
"TFG","AD"
"IMPG2","AD"
"TRMT10C","AR"
"ZBTB11","AR"
"IFT57","AR"
"","AD"
"CD96","AD"
"NEPRO","AR"
"CFAP44","AR"
"","AD"
"ATP6V1A","AD"
"DRD3","AD"
"ZBTB20","AD"
"ARHGAP31","AD"
"POGLUT1","AD"
"TIMMDC1","AR"
"CFAP91","AR"
"HGD","AR"
"RABL3","AD"
"IQCB1","AR"
"ILDR1","AR"
"CASR","AD"
"CSTA","AR"
"ADCY5","AD"
"MYLK","AD"
"UMPS","AR"
"ZNF148","AD"
"","AD"
"","AD"
"","AD"
"UROC1","AR"
"MCM2","AD"
"SEC61A1","AD"
"GATA2","AD"
"RAB7A","AD"
"ACAD9","AR"
"GP9","AR"
"CNBP","AD"
"IFT122","AR"
"RHO","AD"
"TRH","AR"
"ATP2C1","AD"
"MRPL3","AR"
"UBA5","AR"
"NPHP3","AR"
"BFSP2","AD"
"TF","AR"
"SLCO2A1","AD"
"CEP63","AR"
"KY","AR"
"","AD"
"","AD"
"","AR"
"PCCB","AR"
"STAG1","AD"
"DZIP1L","AR"
"DBR1","AR"
"MRAS","AD"
"FOXL2","AD"
"MRPS22","AR"
"COPB2","AR"
"ATR","AD"
"PLS1","AD"
"PLOD2","AR"
"ZIC1","AD"
"AGTR1","AR"
"GYG1","AR"
"HPS3","AR"
"CP","AR"
"RNF13","AD"
"CLRN1","AR"
"MED12L","AD"
"P2RY12","AR"
"MME","AD"
"SLC33A1","AD"
"RSRC1","AR"
"GFM1","AR"
"","AD"
"IFT80","AR"
"SI","AR"
"BCHE","AR"
"PDCD10","AD"
"SERPINI1","AD"
"","AR"
"MECOM","AD"
"TERC","AD"
"CLDN11","AD"
"SLC7A14","AR"
"SLC2A2","AD"
"TNIK","AR"
"PLD1","AR"
"GHSR","AD"
"SPATA16","AR"
"NLGN1","AD"
"TBL1XR1","AD"
"","AD"
"","AR"
"GNB4","AD"
"CCDC39","AR"
"FXR1","AR"
"DNAJC19","AR"
"SOX2","AD"
"MCCC1","AR"
"KLHL24","AD"
"YEATS2","AD"
"EIF2B5","AR"
"DVL3","AD"
"AP2M1","AD"
"ALG3","AR"
"EIF4G1","AD"
"CLCN2","AD"
"THPO","AD"
"EHHADH","AD"
"LIPH","AR"
"IGF2BP2","AD"
"","AD"
"","AR"
"CRYGS","AD"
"DNAJB11","AD"
"AHSG","AR"
"HRG","AD"
"KNG1","AD"
"MASP1","AR"
"LPP","AD"
"TP63","AD"
"P3H2","AR"
"CLDN16","AR"
"CLDN1","AR"
"CCDC50","AD"
"FGF12","AD"
"","AD"
"OPA1","AD"
"TFRC","AR"
"SLC51A","AR"
"PCYT1A","AR"
"DYNLT2B","AR"
"RNF168","AR"
"NRROS","AR"
"CEP19","AR"
"RUBCN","AR"
"RPL35A","AD"
"","AR"
"ZNF141","AR"
"PIGG","AR"
"PDE6B","AD"
"CPLX1","AR"
"SLC26A1","AR"
"IDUA","AR"
"CTBP1","AD"
"UVSSA","AR"
"FGFR3","AD"
"NAT8L","AR"
"SH3BP2","AD"
"HTT","AD"
"DOK7","AR"
"LRPAP1","AR"
"MSX1","AD"
"EVC2","AD"
"EVC","AD"
"","AD"
"","AD"
"","AD"
"WFS1","AD"
"HMX1","AR"
"SLC2A9","AD"
"DRD5","AD"
"WDR1","AR"
"RAB28","AR"
"NKX3-2","AR"
"CC2D2A","AR"
"PROM1","AD"
"TAPT1","AR"
"QDPR","AR"
"CLRN2","AR"
"","AR"
"SEPSECS","AR"
"SLC34A2","AR"
"RBPJ","AD"
"WDR19","AR"
"RFC1","AR"
"LIAS","AR"
"UGDH","AR"
"RHOH","AR"
"UCHL1","AD"
"PHOX2B","AD"
"SLC30A9","AR"
"GRXCR1","AR"
"GUF1","AR"
"GABRA2","AD"
"GABRB1","AD"
"","AR"
"","AR"
"","AD"
"SGCB","AR"
"CHIC2","AD"
"GSX2","AR"
"KIT","AD"
"KDR","AD"
"SRD5A3","AR"
"TMEM165","AR"
"CEP135","AR"
"SRP72","AD"
"SPINK2","AR"
"REST","AD"
"IGFBP7","AR"
"TECRL","AR"
"","AD"
"GNRHR","AR"
"MUC7","AD"
"AMTN","AD"
"AMBN","AR"
"ENAM","AD"
"SLC4A4","AR"
"ADAMTS3","AR"
"ANKRD17","AD"
"ALB","AD"
"AFP","AD"
"ODAPH","AR"
"SCARB2","AR"
"FRAS1","AR"
"ANTXR2","AR"
"PRDM8","AR"
"FGF5","AR"
"HNRNPDL","AD"
"SCD5","AD"
"SEC31A","AR"
"COQ2","AD"
"WDFY3","AD"
"","AD"
"DSPP","AD"
"DMP1","AR"
"PKD2","AD"
"ABCG2","AD"
"PIGY","AR"
"SNCA","AD"
"GRID2","AR"
"SMARCAD1","AD"
"BMPR1B","AD"
"ADH1C","AD"
"TRMT10A","AR"
"MTTP","AD"
"","AD"
"","AR"
"PPP3CA","AD"
"SLC39A8","AR"
"NFKB1","AD"
"MANBA","AR"
"CISD2","AR"
"CENPE","AR"
"TACR3","AR"
"TET2","AR"
"PPA2","AR"
"TBCK","AR"
"AIMP1","AR"
"SGMS2","AD"
"CYP2U1","AR"
"HADH","AR"
"COL25A1","AR"
"CFI","AD"
"LRIT3","AR"
"EGF","AR"
"PITX2","AD"
"ALPK1","AD"
"LARP7","AR"
"ANK2","AD"
"PRSS12","AR"
"SEC24D","AR"
"MYOZ2","AD"
"","AR"
"PRDM5","AR"
"NDNF","AD"
"ANXA5","AD"
"EXOSC9","AR"
"BBS7","AR"
"TRPC3","AD"
"KIAA1109","AR"
"IL21","AR"
"BBS12","AR"
"SPATA5","AR"
"FAT4","AR"
"INTU","AR"
"PLK4","AR"
"MFSD8","AR"
"NAA15","AD"
"RAB33B","AR"
"GAB1","AR"
"MMAA","AR"
"SLC10A7","AR"
"TTC29","AR"
"EDNRA","AD"
"NR3C2","AD"
"LRBA","AR"
"MAB21L2","AD"
"GATB","AR"
"TRIM2","AR"
"TLR2","AD"
"FGB","AR"
"FGA","AD"
"","AD"
"FGG","AR"
"LRAT","AR"
"GUCY1A1","AR"
"TDO2","AR"
"GLRB","AR"
"GRIA2","AD"
"ETFDH","AR"
"RAPGEF2","AD"
"","AR"
"MSMO1","AR"
"CPE","AR"
"TLL1","AD"
"PALLD","AD"
"NEK1","AD"
"CLCN3","AD"
"HPGD","AR"
"","AD"
"","AD"
"VEGFC","AD"
"AGA","AR"
"TENM3","AR"
"TRAPPC11","AR"
"PRIMPOL","AD"
"SLC25A4","AD"
"UFSP2","AD"
"TLR3","AD"
"CYP4V2","AR"
"","AD"
"","AD"
"","AD"
"KLKB1","AR"
"","AD"
"","AD"
"SDHA","AD"
"SLC9A3","AR"
"TRIP13","AR"
"SLC6A19","AD"
"TERT","AD"
"SLC6A3","AR"
"NDUFS6","AR"
"NSUN2","AR"
"MTRR","AR"
"CCT5","AR"
"MARCHF6","AD"
"DNAH5","AR"
"TRIO","AD"
"OTULIN","AR"
"ANKH","AD"
"","AD"
"RETREG1","AR"
"","AD"
"3,00 NPR","AR"
"TARS1","AR"
"SLC45A2","AR"
"AMACR","AR"
"DNAJC21","AR"
"AGXT2","AR"
"PRLR","AD"
"SPEF2","AR"
"IL7R","AR"
"NADK2","AR"
"SLC1A3","AD"
"NIPBL","AD"
"CPLANE1","AR"
"NUP155","AR"
"GDNF","AD"
"","AD"
"LIFR","AR"
"OSMR","AD"
"FYB1","AR"
"OXCT1","AR"
"GHR","AD"
"NNT","AR"
"FGF10","AD"
"HCN1","AD"
"","AD"
"MOCS2","AR"
"NDUFS4","AR"
"HSPB3","AD"
"MCIDAS","AR"
"CCNO","AR"
"IL31RA","AD"
"IL6ST","AR"
"MAP3K1","AD"
"PDE4D","AD"
"ERCC8","AR"
"NDUFAF2","AR"
"ZSWIM6","AD"
"KIF2A","AD"
"","AD"
"","AD"
"HTR1A","AD"
"CWC27","AR"
"PIK3R1","AD"
"MARVELD2","AR"
"OCLN","AR"
"SMN2","AR"
"SMN1","AR"
"BDP1","AR"
"MCCC2","AR"
"CARTPT","AD"
"MAP1B","AD"
"HEXB","AR"
"GFM2","AR"
"CERT1","AD"
"PDE8B","AD"
"","AD"
"AP3B1","AR"
"ARSB","AR"
"DMGDH","AR"
"DHFR","AR"
"MSH3","AR"
"RPS23","AD"
"XRCC4","AR"
"VCAN","AD"
"","AD"
"RASA1","AD"
"MEF2C","AD"
"ADGRV1","AD"
"NR2F1","AD"
"KIAA0825","AR"
"TTC37","AR"
"PCSK1","AR"
"CAST","AR"
"CHD1","AD"
"PPIP5K2","AR"
"","AD"
"","AD"
"SLC25A46","AR"
"APC","AD"
"TRIM36","AR"
"HSD17B4","AR"
"LOX","AD"
"PRDM6","AD"
"CEP120","AR"
"ALDH7A1","AR"
"LMNB1","AD"
"MEGF10","AR"
"","AD"
"SLC12A2","AD"
"FBN2","AD"
"HINT1","AR"
"LYRM7","AR"
"","AD"
"P4HA2","AD"
"PDLIM4","AD"
"SLC22A5","AR"
"RAD50","AR"
"IL13","AD"
"GDF9","AR"
"UQCRQ","AR"
"AFF4","AD"
"PPP2CA","AD"
"SAR1B","AR"
"PITX1","AD"
"TGFBI","AD"
"KLHL3","AD"
"MYOT","AD"
"KIF20A","AR"
"KDM3B","AD"
"REEP2","AD"
"HSPA9","AD"
"CTNNA1","AD"
"SIL1","AR"
"MATR3","AD"
"STING1","AD"
"","AD"
"","AD"
"","AD"
"","AR"
"","AD"
"PURA","AD"
"NDUFA2","AR"
"HARS1","AD"
"HARS2","AR"
"DIAPH1","AD"
"PCDH12","AR"
"SPRY4","AD"
"NR3C1","AD"
"YIPF5","AR"
"GRXCR2","AR"
"LARS1","AR"
"POU4F3","AD"
"PPP2R2B","AD"
"SPINK1","AD"
"SCGB3A2","AD"
"SPINK5","AR"
"FBXO38","AD"
"ADRB2","AD"
"SH3TC2","AD"
"SLC26A2","AR"
"CSF1R","AD"
"PDGFRB","AD"
"CAMK2A","AD"
"TCOF1","AD"
"NDST1","AR"
"GM2A","AR"
"SLC36A2","AD"
"FAT2","AD"
"SPARC","AR"
"GLRA1","AD"
"GEMIN5","AR"
"SGCD","AR"
"HAVCR2","AR"
"ITK","AR"
"CYFIP2","AD"
"NIPAL4","AR"
"THG1L","AR"
"11,00 LSM","AR"
"IL12B","AR"
"","AD"
"GABRB2","AD"
"GABRA1","AD"
"GABRG2","AD"
"HMMR","AD"
"RARS1","AR"
"DOCK2","AR"
"FOXI1","AR"
"LCP2","AR"
"KCNMB1","AD"
"FBXW11","AD"
"SH3PXD2B","AR"
"ERGIC1","AR"
"NKX2-5","AD"
"MSX2","AD"
"SNCB","AD"
"NSD1","AD"
"SLC34A1","AD"
"F12","AD"
"DDX41","AD"
"B4GALT7","AR"
"PROP1","AR"
"NHP2","AR"
"GRM6","AR"
"ADAMTS2","AR"
"LTC4S","AR"
"SQSTM1","AD"
"FLT4","AD"
"EXOC2","AR"
"FOXC1","AD"
"SERPINB6","AR"
"NQO2","AD"
"RIPK1","AD"
"TUBB2A","AD"
"TUBB2B","AD"
"LYRM4","AR"
"FARS2","AR"
"F13A1","AD"
"","AD"
"DSP","AD"
"BLOC1S5","AR"
"TFAP2A","AD"
"GCNT2","AD"
"MAK","AR"
"GCM2","AD"
"","AD"
"EDN1","AD"
"PHACTR1","AD"
"TBC1D7","AR"
"","AR"
"","AD"
"","AD"
"DTNBP1","AR"
"ATXN1","AD"
"NHLRC1","AR"
"TPMT","AR"
"SOX4","AD"
"DCDC2","AR"
"ALDH5A1","AR"
"TDP2","AR"
"GMNN","AD"
"RIPOR2","AR"
"SLC17A3","AD"
"HFE","AD"
"H1-4","AD"
"","AD"
"OR2J3","AD"
"MOG","AD"
"ZFP57","AD"
"HLA-G","AD"
"DHX16","AD"
"TUBB","AD"
"VARS2","AR"
"CDSN","AD"
"TNF","AD"
"CSNK2B","AD"
"MPIG6B","AR"
"MSH5","AR"
"VARS1","AR"
"NEU1","AR"
"SLC44A4","AD"
"C2","AR"
"CFB","AD"
"SKIV2L","AR"
"C4A","AR"
"CYP21A2","AR"
"TNXB","AD"
"BTNL2","AD"
"HLA-DRB1","AD"
"HLA-DQA1","AR"
"HLA-DQB1","AD"
"TAP2","AR"
"PSMB8","AR"
"TAP1","AR"
"PSMB9","AR"
"COL11A2","AD"
"TAPBP","AR"
"SYNGAP1","AD"
"","AD"
"","AD"
"","AD"
"","AR"
"","AD"
"","AD"
"","AR"
"","AR"
"","AD"
"","AR"
"ITPR3","AR"
"UQCC2","AR"
"LEMD2","AD"
"HMGA1","AD"
"RPS10","AD"
"SCUBE3","AR"
"FANCE","AR"
"TULP1","AR"
"LHFPL5","AR"
"SLC26A8","AD"
"PNPLA1","AR"
"PPIL1","AR"
"DNAH8","AR"
"DAAM2","AR"
"MOCS1","AR"
"","AD"
"","AD"
"TREM2","AR"
"GUCA1A","AD"
"PRPH2","AD"
"CNPY3","AR"
"GNMT","AR"
"PEX6","AD"
"PPP2R5D","AD"
"CUL7","AR"
"POLR1C","AR"
"POLH","AR"
"GTPBP2","AR"
"AARS2","AR"
"RUNX2","AD"
"CLIC5","AR"
"PLA2G7","AD"
"MMUT","AR"
"RHAG","AD"
"TFAP2B","AD"
"PKHD1","AR"
"","AR"
"EFHC1","AD"
"","AD"
"CILK1","AD"
"ELOVL5","AD"
"GCLC","AR"
"DST","AR"
"RAB23","AR"
"","AD"
"","AD"
"","AR"
"EYS","AR"
"","AD"
"","AD"
"LMBRD1","AR"
"COL9A1","AD"
"RIMS1","AD"
"KCNQ5","AD"
"KHDC3L","AR"
"MTO1","AR"
"SLC17A5","AR"
"COL12A1","AD"
"MYO6","AD"
"IMPG1","AD"
"PHIP","AD"
"LCA5","AR"
"ELOVL4","AD"
"BCKDHB","AR"
"TENT5A","AR"
"PGM3","AR"
"RIPPLY2","AR"
"MRAP2","AD"
"TBX18","AD"
"NT5E","AR"
"SNX14","AR"
"ZNF292","AD"
"SLC35A1","AR"
"RARS2","AR"
"BACH2","AD"
"MAP3K7","AD"
"NDUFAF4","AR"
"FBXL4","AR"
"","AD"
"USP45","AR"
"","AD"
"GRIK2","AR"
"HACE1","AR"
"","AD"
"BVES","AR"
"POPDC3","AR"
"ATG5","AR"
"RTN4IP1","AR"
"QRSL1","AR"
"PDSS2","AR"
"SOBP","AR"
"SEC63","AD"
"OSTM1","AR"
"ARMC2","AR"
"CD164","AD"
"ZBTB24","AR"
"FIG4","AD"
"WASF1","AD"
"CDC40","AR"
"CDK19","AD"
"TRAF3IP2","AR"
"CCN6","AR"
"LAMA4","AD"
"COL10A1","AD"
"DSE","AR"
"TSPYL1","AR"
"RFX6","AR"
"NUS1","AD"
"CEP85L","AD"
"PLN","AD"
"MCM9","AR"
"GJA1","AD"
"TRDN","AR"
"","AD"
"","AD"
"","AD"
"LAMA2","AR"
"ARG1","AR"
"MED23","AR"
"ENPP1","AD"
"EYA4","AD"
"","AD"
"","AR"
"AHI1","AR"
"PEX7","AR"
"IFNGR1","AD"
"TNFAIP3","AD"
"PERP","AD"
"REPS1","AR"
"CITED2","AD"
"","AD"
"ADGRG6","AR"
"HIVEP2","AD"
"PEX3","AR"
"STX11","AR"
"","AD"
"","AD"
"EPM2A","AR"
"GRM1","AD"
"SASH1","AD"
"TAB2","AD"
"IYD","AR"
"RMND1","AR"
"ESR1","AD"
"SYNE1","AD"
"","AR"
"","AD"
"ARID1B","AD"
"SERAC1","AR"
"RSPH3","AR"
"LPA","AD"
"","AR"
"","AR"
"PLG","AD"
"PRKN","AR"
"","AD"
"PDE10A","AD"
"TBXT","AD"
"MPC1","AR"
"RNASET2","AR"
"SMOC2","AR"
"ERMARD","AD"
"DLL1","AD"
"TBP","AD"
"","AR"
"FAM20C","AR"
"DNAAF5","AR"
"INTS1","AR"
"MRM2","AR"
"LFNG","AR"
"BRAT1","AR"
"IQCE","AR"
"CARD11","AD"
"AP5Z1","AR"
"WIPI2","AR"
"ACTB","AD"
"RNF216","AR"
"PMS2","AR"
"AIMP2","AR"
"RAC1","AD"
"KDELR2","AR"
"NDUFA4","AR"
"TMEM106B","AD"
"","AR"
"CRPPA","AR"
"","AD"
"AHR","AR"
"TWIST1","AD"
"DNAH11","AR"
"IL6","AD"
"FAM126A","AR"
"KLHL7","AD"
"GPNMB","AR"
"GSDME","AD"
"CYCS","AD"
"SNX10","AR"
"HOXA1","AR"
"HOXA2","AD"
"HOXA11","AD"
"HOXA13","AD"
"","AD"
"FKBP14","AR"
"GARS1","AD"
"GHRHR","AR"
"PDE1C","AD"
"PPP1R17","AD"
"NT5C3A","AR"
"RP9","AD"
"BBS9","AR"
"BMPER","AR"
"ANLN","AD"
"","AD"
"NME8","AR"
"SFRP4","AR"
"VPS41","AR"
"POU6F2","AD"
"RALA","AD"
"CDK13","AD"
"MPLKIP","AR"
"SUGCT","AR"
"GLI3","AD"
"","AD"
"BLVRA","AD"
"PGAM2","AR"
"AEBP1","AR"
"GCK","AD"
"CAMK2B","AD"
"OGDH","AR"
"CCM2","AD"
"ADCY1","AR"
"PKD1L1","AR"
"IKZF1","AD"
"DDC","AR"
"","AD"
"","AD"
"EGFR","AD"
"PSPH","AR"
"CHCHD2","AD"
"GUSB","AR"
"ASL","AR"
"KCTD7","AR"
"SBDS","AR"
"AUTS2","AD"
"","AD"
"","AD"
"","AD"
"","AD"
"DNAJC30","AR"
"ELN","AD"
"NCF1","AR"
"POR","AR"
"MDH2","AR"
"HSPB1","AD"
"YWHAG","AD"
"ZP3","AD"
"MAGI2","AR"
"CD36","AR"
"HGF","AR"
"PCLO","AR"
"SEMA3E","AD"
"SEMA3A","AD"
"ABCB4","AD"
"ADAM22","AR"
"CFAP69","AR"
"AKAP9","AD"
"KRIT1","AD"
"GATAD1","AR"
"PEX1","AR"
"CDK6","AR"
"SAMD9","AD"
"SAMD9L","AD"
"","AD"
"CALCR","AD"
"COL1A2","AD"
"SGCE","AD"
"SLC25A13","AR"
"DLX5","AD"
"ASNS","AR"
"TRRAP","AD"
"ARPC1B","AR"
"CYP3A4","AD"
"AP4M1","AR"
"TAF6","AR"
"TRAPPC14","AR"
"STAG3","AR"
"TFR2","AR"
"ACTL6B","AD"
"GNB2","AD"
"EPO","AD"
"EPHB4","AD"
"SERPINE1","AD"
"AP1S1","AR"
"PLOD3","AR"
"CUX1","AD"
"PMPCB","AR"
"SLC26A5","AR"
"RELN","AD"
"","AD"
"KMT2E","AD"
"PUS7","AR"
"RINT1","AR"
"COG5","AR"
"SLC26A4","AR"
"SLC26A3","AR"
"DLD","AR"
"LAMB1","AR"
"PNPLA8","AR"
"PPP1R3A","AD"
"FOXP2","AD"
"CAV1","AD"
"MET","AD"
"CFTR","AD"
"TSPAN12","AD"
"AASS","AR"
"FEZF1","AR"
"TAS2R16","AD"
"","AR"
"","AR"
"POT1","AD"
"PAX4","AD"
"LEP","AR"
"RBM28","AR"
"IMPDH1","AD"
"OPN1SW","AD"
"FLNC","AD"
"TNPO3","AD"
"SMO","AR"
"","AD"
"MIR96","AD"
"CEP41","AR"
"","AD"
"BPGM","AR"
"NUP205","AR"
"AKR1D1","AR"
"","AD"
"","AR"
"","AD"
"ATP6V0A4","AR"
"KIAA1549","AR"
"TBXAS1","AR"
"BRAF","AD"
"AGK","AR"
"WEE2","AR"
"SSBP1","AD"
"TAS2R38","AD"
"PRSS1","AD"
"PRSS2","AD"
"TRPV6","AR"
"CLCN1","AD"
"","AD"
"NOBOX","AD"
"TPK1","AR"
"CNTNAP2","AR"
"EZH2","AD"
"GIMAP5","AR"
"KCNH2","AD"
"NOS3","AD"
"CDK5","AR"
"ASB10","AD"
"PRKAG2","AD"
"KMT2C","AD"
"XRCC2","AR"
"DPP6","AD"
"","AD"
"","AD"
"SHH","AD"
"LMBR1","AD"
"MNX1","AD"
"DNAJB6","AD"
"NCAPG2","AR"
"DYNC2I1","AR"
"CLN8","AR"
"ARHGEF10","AD"
"","AR"
"MCPH1","AR"
"ANGPT2","AD"
"RP1L1","AD"
"BLK","AD"
"GATA4","AD"
"FDFT1","AR"
"CTSB","AD"
"","AR"
"","AD"
"TUSC3","AR"
"FGF20","AR"
"VPS37A","AR"
"ASAH1","AR"
"NAT2","AR"
"CSGALNACT1","AR"
"LPL","AD"
"ATP6V1B2","AD"
"FGF17","AD"
"HR","AR"
"HRURF","AD"
"SFTPC","AD"
"BMP1","AR"
"SLC39A14","AD"
"RHOBTB2","AD"
"TNFRSF10B","AR"
"NEFL","AD"
"GNRH1","AR"
"CHRNA2","AD"
"EPHX2","AD"
"","AD"
"","AD"
"ESCO2","AR"
"EXTL3","AR"
"GTF2E2","AR"
"GSR","AR"
"TEX15","AR"
"WRN","AR"
"TTI2","AR"
"ERLIN2","AR"
"PLPBP","AR"
"ADRB3","AD"
"STAR","AR"
"DDHD2","AR"
"FGFR1","AD"
"ADAM9","AR"
"ANK1","AD"
"KAT6A","AD"
"IKBKB","AD"
"SLC20A2","AD"
"THAP1","AD"
"RNF170","AD"
"POMK","AR"
"HGSNAT","AR"
"","AD"
"","AD"
"PRKDC","AR"
"MCM4","AR"
"SNAI2","AD"
"","AR"
"SOX17","AD"
"RP1","AD"
"PLAG1","AD"
"BPNT2","AR"
"CA8","AR"
"","AD"
"","AD"
"CHD7","AD"
"ASPH","AR"
"TTPA","AR"
"CYP7B1","AR"
"CSPP1","AR"
"CPA6","AD"
"","AR"
"","AD"
"","AD"
"","AD"
"EYA1","AD"
"","AD"
"TRPA1","AD"
"TMEM70","AR"
"JPH1","AD"
"GDAP1","AD"
"ZFHX4","AD"
"PEX2","AR"
"IL7","AR"
"MRPS28","AR"
"PMP2","AD"
"IMPA1","AR"
"CA2","AR"
"","AR"
"CNGB3","AR"
"NBN","AR"
"OTUD6B","AR"
"","AD"
"","AD"
"CIBAR1","AR"
"TMEM67","AR"
"PDP1","AR"
"ESRP1","AR"
"INTS8","AR"
"NDUFAF6","AR"
"CFAP418","AR"
"GDF6","AD"
"UQCRB","AR"
"PTDSS1","AD"
"POP1","AR"
"VPS13B","AR"
"SPAG1","AR"
"","AR"
"","AD"
"GRHL2","AD"
"RRM2B","AD"
"FZD6","AR"
"SLC25A32","AR"
"RIMS2","AR"
"DPYS","AR"
"LRP12","AD"
"ZFPM2","AD"
"OXR1","AR"
"ANGPT1","AD"
"RSPO2","AR"
"TRHR","AR"
"","AD"
"","AR"
"TRPS1","AD"
"","AD"
"RAD21","AD"
"SLC30A8","AD"
"EXT1","AD"
"SAMD12","AD"
"TNFRSF11B","AR"
"COLEC10","AR"
"TAF2","AR"
"","AD"
"","AR"
"NDUFB9","AR"
"WASHC5","AD"
"NSMCE2","AR"
"KCNQ3","AD"
"DNAAF11","AR"
"TG","AR"
"NDRG1","AR"
"","AD"
"","AD"
"TRAPPC9","AR"
"AGO2","AD"
"SLURP1","AR"
"CYP11B1","AD"
"CYP11B2","AR"
"GPIHBP1","AR"
"MAFA","AD"
"FAM83H","AD"
"PUF60","AD"
"PLEC","AD"
"OPLAH","AD"
"GPAA1","AR"
"CYC1","AR"
"DGAT1","AR"
"SLC52A2","AR"
"CPSF1","AD"
"SLC39A4","AR"
"TONSL","AR"
"RECQL4","AR"
"","AD"
"DOCK8","AR"
"SMARCA2","AD"
"VLDLR","AR"
"KCNV2","AR"
"GLIS3","AR"
"SLC1A1","AR"
"","AD"
"JAK2","AD"
"RIC1","AR"
"GLDC","AR"
"","AR"
"","AR"
"","AR"
"TYRP1","AR"
"MPDZ","AR"
"NFIB","AD"
"FREM1","AD"
"BNC2","AD"
"","AD"
"","AR"
"MTAP","AD"
"CDKN2A","AD"
"PLAA","AR"
"IFT74","AR"
"TEK","AD"
"C9orf72","AD"
"DDX58","AD"
"APTX","AR"
"B4GALT1","AR"
"AQP7","AR"
"UBAP1","AD"
"MYORG","AR"
"DNAI1","AR"
"SIGMAR1","AR"
"GALT","AR"
"IL11RA","AR"
"VCP","AD"
"FANCG","AR"
"PIGO","AR"
"RUSC2","AR"
"RMRP","AR"
"TPM2","AD"
"GBA2","AR"
"2,00 NPR","AD"
"GNE","AD"
"GRHPR","AR"
"EXOSC3","AR"
"","AD"
"","AR"
"","AD"
"","AD"
"","AD"
"","AD"
"","AD"
"PRKACG","AR"
"FXN","AR"
"TJP2","AR"
"MIR204","AD"
"TMC1","AD"
"RORB","AD"
"TRPM6","AR"
"VPS13A","AR"
"CEP78","AR"
"PSAT1","AR"
"HNRNPK","AD"
"","AD"
"","AR"
"NTRK2","AD"
"AGTPBP1","AR"
"ISCA1","AR"
"SECISBP2","AR"
"SYK","AD"
"AUH","AR"
"ROR2","AD"
"SPTLC1","AD"
"IARS1","AR"
"ASPN","AD"
"BICD2","AD"
"FBP1","AR"
"FANCC","AR"
"PTCH1","AD"
"ERCC6L2","AR"
"HSD17B3","AR"
"TDRD7","AR"
"XPA","AR"
"FOXE1","AD"
"NANS","AR"
"GABBR2","AD"
"ANKS6","AR"
"TGFBR1","AD"
"ALG2","AR"
"","AD"
"INVS","AR"
"BAAT","AR"
"ALDOB","AR"
"ABCA1","AR"
"SLC44A1","AR"
"FKTN","AR"
"ZNF462","AD"
"","AD"
"","AD"
"ELP1","AR"
"FRRS1L","AR"
"MUSK","AR"
"","AR"
"PRPF4","AD"
"ALAD","AR"
"COL27A1","AR"
"WHRN","AR"
"TNC","AD"
"TRIM32","AR"
"CDK5RAP2","AR"
"C5","AD"
"GSN","AD"
"NDUFA8","AR"
"CRB2","AR"
"NR5A1","AD"
"RPL35","AD"
"LMX1B","AD"
"LRSAM1","AD"
"STXBP1","AD"
"MIR2861","AD"
"ENG","AD"
"AK1","AR"
"DPM2","AR"
"DNM1","AD"
"COQ4","AR"
"SLC27A4","AR"
"GLE1","AR"
"SPTAN1","AD"
"DYNC2I2","AR"
"SET","AD"
"LRRC8A","AD"
"DOLK","AR"
"NUP188","AR"
"CRAT","AR"
"TOR1A","AD"
"ASS1","AR"
"PRDM12","AR"
"EXOSC2","AR"
"ABL1","AD"
"LAMC3","AR"
"","AD"
"NUP214","AR"
"POMT1","AR"
"MED27","AR"
"NTNG2","AR"
"SETX","AD"
"TSC1","AD"
"GFI1B","AD"
"CEL","AD"
"SURF1","AR"
"ADAMTS13","AR"
"MYMK","AR"
"ADAMTSL2","AR"
"DBH","AR"
"SARDH","AR"
"","AD"
"","AD"
"COL5A1","AD"
"MRPS2","AR"
"SOHLH1","AD"
"KCNT1","AD"
"LHX3","AR"
"CARD9","AR"
"PMPCA","AR"
"INPP5E","AR"
"NOTCH1","AD"
"AGPAT2","AR"
"ABCA2","AR"
"MAN1B1","AR"
"GRIN1","AD"
"TPRN","AR"
"SLC34A3","AR"
"TUBB4B","AD"
"NSMF","AD"
"EHMT1","AD"
"CACNA1B","AR"
"TUBB8","AD"
"ZMYND11","AD"
"WDR37","AD"
"PITRM1","AR"
"AKR1C2","AR"
"AKR1C4","AR"
"IL2RA","AR"
"GATA3","AD"
"DHTKD1","AD"
"OPTN","AD"
"MCM10","AR"
"PHYH","AR"
"FRMD4A","AR"
"DCLRE1C","AR"
"ITGA8","AR"
"CUBN","AR"
"VIM","AD"
"MLLT10","AD"
"PTF1A","AR"
"MYO3A","AR"
"PDSS1","AR"
"ANKRD26","AD"
"YME1L1","AR"
"ACBD5","AR"
"RAB18","AR"
"ODAD2","AR"
"WAC","AD"
"","AR"
"SVIL","AR"
"MTPAP","AR"
"","AR"
"BMS1","AD"
"RET","AD"
"ALOX5","AD"
"GDF2","AD"
"RBP3","AR"
"","AR"
"ERCC6","AD"
"CHAT","AR"
"SLC18A3","AR"
"PRKG1","AD"
"","AD"
"MBL2","AD"
"PCDH15","AR"
"TFAM","AR"
"BICC1","AD"
"ANK3","AR"
"","AD"
"","AD"
"EGR2","AD"
"CTNNA3","AD"
"DNAJC12","AR"
"MYPN","AD"
"ATOH7","AR"
"DNA2","AD"
"","AR"
"KIFBP","AR"
"HK1","AD"
"NEUROG3","AR"
"COL13A1","AR"
"NODAL","AD"
"PRF1","AR"
"SGPL1","AR"
"PCBD1","AR"
"SLC29A3","AR"
"CDH23","AD"
"PSAP","AD"
"CHST3","AR"
"ASCC1","AR"
"MICU1","AR"
"FAM149B1","AR"
"MRPS16","AR"
"CFAP70","AR"
"CAMK2G","AD"
"PLAU","AD"
"VCL","AD"
"ADK","AR"
"KAT6B","AD"
"LRMDA","AR"
"","AD"
"","AD"
"","AD"
"KCNMA1","AD"
"POLR3A","AR"
"RPS24","AD"
"ZMIZ1","AD"
"SFTPA2","AD"
"NUTM2B-AS1","AD"
"ANXA11","AD"
"MAT1A","AD"
"CDHR1","AR"
"LDB3","AD"
"BMPR1A","AD"
"GLUD1","AD"
"MINPP1","AD"
"PAPSS2","AR"
"ATAD1","AR"
"PTEN","AD"
"LIPN","AR"
"ACTA2","AD"
"FAS","AD"
"LIPA","AR"
"SLC16A12","AD"
"KIF11","AD"
"CYP26C1","AR"
"MYOF","AD"
"CEP55","AR"
"RBP4","AD"
"PDE6C","AR"
"LGI1","AD"
"PLCE1","AR"
"HELLS","AR"
"CYP2C19","AR"
"CYP2C9","AD"
"","AD"
"ALDH18A1","AD"
"TCTN3","AR"
"ENTPD1","AR"
"BLNK","AR"
"EXOSC1","AR"
"HOGA1","AR"
"ZFYVE27","AD"
"HPS1","AR"
"HPSE2","AR"
"COX15","AR"
"ABCC2","AR"
"DNMBP","AR"
"CPN1","AR"
"ERLIN1","AR"
"CWF19L1","AR"
"NDUFB8","AR"
"PAX2","AD"
"TWNK","AD"
"PDZD7","AR"
"","AR"
"LBX1","AR"
"FGF8","AD"
"HPS6","AR"
"PITX3","AD"
"NFKB2","AD"
"SUFU","AD"
"TRIM8","AD"
"3,00 ARL","AD"
"CYP17A1","AR"
"CNNM2","AD"
"NT5C2","AR"
"","AD"
"","AD"
"ATP5MK","AR"
"1,00 STN","AR"
"COL17A1","AD"
"CFAP43","AD"
"CFAP58","AR"
"ADD3","AR"
"SMC3","AD"
"RBM20","AD"
"BBIP1","AR"
"SHOC2","AD"
"TCF7L2","AD"
"HABP2","AD"
"NHLRC2","AR"
"ADRB1","AD"
"PNLIP","AR"
"VAX1","AR"
"KCNK18","AD"
"SLC18A2","AR"
"NANOS1","AD"
"SFXN4","AR"
"BAG3","AD"
"WDR11","AD"
"FGFR2","AD"
"HTRA1","AD"
"ACADSB","AR"
"OAT","AR"
"MMP21","AR"
"UROS","AR"
"","AD"
"","AD"
"","AR"
"EBF3","AD"
"NKX6-2","AR"
"TUBGCP2","AR"
"ECHS1","AR"
"SYCE1","AR"
"","AD"
"IFITM5","AD"
"LRRC56","AR"
"HRAS","AD"
"IRF7","AR"
"DRD4","AD"
"DEAF1","AD"
"EPS8L2","AR"
"TALDO1","AR"
"SLC25A22","AR"
"PNPLA2","AR"
"MUC5B","AD"
"CTSD","AR"
"TNNI2","AD"
"TNNT3","AD"
"","AD"
"IGF2","AD"
"INS","AD"
"TH","AR"
"CD81","AR"
"KCNQ1","AD"
"KCNQ1OT1","AD"
"CDKN1C","AD"
"CARS1","AR"
"PGAP2","AR"
"STIM1","AD"
"HBB","AD"
"HBG1","AD"
"HBG2","AD"
"SMPD1","AR"
"TPP1","AR"
"DCHS1","AD"
"EIF3F","AR"
"TUB","AR"
"DENND5A","AR"
"SBF2","AR"
"AMPD3","AR"
"TEAD1","AD"
"PTH","AD"
"FAR1","AD"
"RRAS2","AD"
"COPB1","AR"
"CYP2R1","AR"
"SOX6","AD"
"","AR"
"","AD"
"PIK3C2A","AR"
"KCNJ11","AD"
"ABCC8","AD"
"USH1C","AR"
"OTOG","AR"
"MYOD1","AR"
"KCNC1","AD"
"HPS5","AR"
"LDHA","AR"
"CSRP3","AD"
"SLC6A5","AD"
"ANO5","AD"
"FANCF","AR"
"ANO3","AD"
"","AD"
"","AD"
"KCNA4","AR"
"FSHB","AR"
"","AD"
"","AD"
"","AD"
"","AR"
"","AD"
"","AR"
"ELP4","AD"
"PAX6","AD"
"WT1","AD"
"CD59","AR"
"PDHX","AR"
"SLC1A2","AD"
"TRIM44","AD"
"","AD"
"RAG1","AR"
"RAG2","AR"
"","AD"
"EXT2","AD"
"ALX4","AD"
"SLC35C1","AR"
"MAPK8IP1","AD"
"PEX16","AR"
"PHF21A","AD"
"CREB3L1","AR"
"ZNF408","AD"
"F2","AD"
"LRP4","AD"
"DDB2","AR"
"ACP2","AR"
"MADD","AR"
"MYBPC3","AD"
"SLC39A13","AR"
"PSMC3","AR"
"RAPSN","AR"
"NDUFS3","AR"
"NUP160","AR"
"SERPING1","AD"
"1 CLP","AR"
"TMX2","AR"
"CTNND1","AD"
"FAM111B","AD"
"FAM111A","AD"
"MPEG1","AD"
"STX3","AR"
"CBLIF","AR"
"MS4A2","AD"
"MS4A1","AR"
"ZP1","AR"
"DDB1","AD"
"TKFC","AR"
"TMEM138","AR"
"TMEM216","AR"
"SDHAF2","AD"
"MYRF","AD"
"","AD"
"BEST1","AD"
"FTH1","AD"
"ROM1","AD"
"B3GAT3","AR"
"GANAB","AD"
"UQCC3","AR"
"BSCL2","AD"
"ATL3","AD"
"COX8A","AR"
"FERMT3","AR"
"PLCB3","AR"
"KCNK4","AD"
"SLC22A12","AR"
"RASGRP2","AR"
"PYGM","AR"
"MEN1","AD"
"2,00 ARL","AD"
"VPS51","AR"
"CAPN1","AR"
"DPF2","AD"
"SCYL1","AR"
"LTBP3","AD"
"RELA","AD"
"RNASEH2C","AR"
"EFEMP2","AR"
"FIBP","AR"
"BANF1","AR"
"CST6","AR"
"CATSPER1","AR"
"PACS1","AD"
"KLC2","AR"
"B4GAT1","AR"
"BBS1","AR"
"ACTN3","AR"
"CTSF","AR"
"SPTBN2","AD"
"C11orf80","AR"
"PC","AR"
"CLCF1","AR"
"CABP4","AR"
"AIP","AD"
"CABP2","AR"
"NDUFV1","AR"
"NDUFS8","AR"
"TCIRG1","AR"
"KMT5B","AD"
"LRP5","AD"
"GAL","AD"
"CPT1A","AR"
"IGHMBP2","AR"
"CCND1","AD"
"FGF3","AR"
"FADD","AR"
"DHCR7","AR"
"NADSYN1","AR"
"IL18BP","AR"
"LRTOMT","AR"
"FOLR1","AR"
"INPPL1","AR"
"PHOX2A","AR"
"CLPB","AR"
"PDE2A","AR"
"RELT","AR"
"DNAJB13","AR"
"UCP3","AD"
"C2CD3","AR"
"LIPT2","AR"
"","AD"
"","AR"
"SERPINH1","AR"
"LRRC32","AR"
"ACER3","AR"
"CAPN5","AD"
"MYO7A","AD"
"PAK1","AD"
"NDUFC2","AR"
"ALG8","AD"
"NARS2","AR"
"TENM4","AD"
"TMEM126B","AR"
"TMEM126A","AR"
"EED","AD"
"HIKESHI","AR"
"FZD4","AD"
"CTSC","AR"
"","AD"
"TYR","AD"
"MTNR1B","AD"
"MED17","AR"
"HEPHL1","AR"
"PANX1","AD"
"MRE11","AR"
"CEP57","AR"
"MTMR2","AR"
"PGR","AR"
"TRPC6","AD"
"CFAP300","AR"
"YAP1","AD"
"MMP20","AR"
"MMP1","AR"
"MMP13","AD"
"","AD"
"DYNC2H1","AR"
"GRIA4","AD"
"ALKBH8","AR"
"ACAT1","AR"
"ATM","AD"
"EXPH5","AR"
"RDX","AR"
"BTG4","AR"
"ALG9","AR"
"CRYAB","AD"
"DLAT","AR"
"SDHD","AD"
"PTS","AR"
"TTC12","AR"
"ZBTB16","AR"
"","AD"
"ZPR1","AR"
"APOA5","AD"
"APOA1","AD"
"SIK3","AR"
"CEP164","AR"
"FXYD2","AD"
"IL10RA","AR"
"SCN4B","AD"
"SCN2B","AD"
"MPZL2","AR"
"CD3E","AR"
"CD3D","AR"
"CD3G","AR"
"KMT2A","AD"
"ARCN1","AD"
"TREH","AR"
"DDX6","AD"
"TRAPPC4","AR"
"SLC37A4","AD"
"HYOU1","AR"
"VPS11","AR"
"HMBS","AD"
"DPAGT1","AR"
"CBL","AD"
"C1QTNF5","AD"
"MFRP","AR"
"NECTIN1","AR"
"TECTA","AD"
"SC5D","AR"
"CLMP","AR"
"SCN3B","AD"
"","AD"
"ROBO3","AR"
"ROBO4","AD"
"HEPACAM","AD"
"STT3A","AR"
"HYLS1","AR"
"PUS3","AR"
"CDON","AD"
"FOXRED1","AR"
"DCPS","AR"
"FLI1","AD"
"KCNJ1","AR"
"KCNJ5","AD"
"ST14","AR"
"","AR"
"JAM3","AR"
"NCAPD3","AR"
"ACAD8","AR"
"WNK1","AD"
"CACNA2D4","AR"
"CACNA1C","AD"
"CCND2","AD"
"FGF23","AD"
"C12orf4","AR"
"NDUFA9","AR"
"KCNA1","AD"
"KCNA5","AD"
"VWF","AD"
"TNFRSF1A","AD"
"SCNN1A","AD"
"CD27","AR"
"VAMP1","AD"
"NCAPD2","AR"
"CHD4","AD"
"CD4","AR"
"GNB3","AR"
"TPI1","AR"
"ATN1","AD"
"C12orf57","AR"
"RNU7-1","AR"
"EMG1","AR"
"C1S","AD"
"C1R","AD"
"PEX5","AR"
"GDF3","AD"
"NECAP1","AR"
"AICDA","AR"
"MFAP5","AD"
"A2ML1","AD"
"PHC1","AR"
"","AR"
"CLEC7A","AR"
"ETV6","AD"
"LRP6","AD"
"CDKN1B","AD"
"GRIN2B","AD"
"GUCY2C","AD"
"WBP11","AD"
"MGP","AR"
"PDE6H","AD"
"PTPRO","AR"
"EPS8","AR"
"PLCZ1","AR"
"PDE3A","AD"
"PYROXD1","AR"
"GYS2","AR"
"ABCC9","AD"
"SOX5","AD"
"KRAS","AD"
"BHLHE41","AD"
"","AD"
"ITPR2","AR"
"PTHLH","AD"
"","AR"
"IPO8","AR"
"DDX11","AR"
"FGD4","AR"
"DNM1L","AD"
"YARS2","AR"
"PKP2","AD"
"","AD"
"","AD"
"ALG10B","AD"
"KIF21A","AD"
"LRRK2","AD"
"CNTN1","AR"
"PRICKLE1","AR"
"IRAK4","AR"
"ANO6","AR"
"ARID2","AD"
"","AR"
"VDR","AR"
"COL2A1","AD"
"PFKM","AR"
"ADCY6","AR"
"CCDC65","AR"
"WNT10B","AD"
"WNT1","AR"
"KMT2D","AD"
"DHH","AR"
"TUBA1A","AD"
"PRPH","AD"
"AQP2","AD"
"AQP5","AD"
"SMARCD1","AD"
"GPD1","AR"
"COX14","AR"
"DIP2B","AD"
"SLC11A2","AR"
"SCN8A","AD"
"ACVRL1","AD"
"KRT86","AD"
"KRT81","AD"
"KRT83","AD"
"KRT85","AR"
"KRT6B","AD"
"KRT6C","AD"
"KRT6A","AD"
"KRT5","AD"
"KRT71","AD"
"KRT74","AD"
"KRT2","AD"
"KRT1","AD"
"KRT3","AD"
"KRT4","AD"
"KRT8","AR"
"KRT18","AR"
"AAAS","AR"
"SP7","AR"
"AMHR2","AR"
"HOXC13","AR"
"HNRNPA1","AD"
"NCKAP1L","AR"
"ITGA7","AR"
"RDH5","AD"
"GDF11","AD"
"MMP19","AD"
"SUOX","AR"
"RPS26","AD"
"ERBB3","AD"
"SMARCC2","AD"
"","AD"
"","AD"
"","AD"
"SLC39A5","AD"
"STAT2","AR"
"MIP","AD"
"SDR9C7","AR"
"TAC3","AR"
"LRP1","AR"
"SHMT2","AR"
"STAC3","AR"
"GLI1","AR"
"MARS1","AD"
"KIF5A","AD"
"B4GALNT1","AR"
"CDK4","AD"
"CYP27B1","AR"
"TSFM","AR"
"AVIL","AR"
"DPY19L2","AR"
"RXYLT1","AR"
"SRGAP1","AD"
"TBK1","AD"
"","AD"
"GNS","AR"
"LEMD3","AD"
"MSRB3","AR"
"HMGA2","AD"
"GRIP1","AR"
"IFNG","AD"
"NUP107","AR"
"MDM2","AD"
"LYZ","AD"
"CNOT2","AD"
"BBS10","AR"
"SYT1","AD"
"PPP1R12A","AD"
"OTOGL","AR"
"PTPRQ","AD"
"MYF5","AR"
"ALX1","AR"
"CEP290","AR"
"TMTC3","AR"
"KITLG","AD"
"","AD"
"","AD"
"","AD"
"DUSP6","AD"
"POC1B","AR"
"KERA","AR"
"DCN","AD"
"","AD"
"CRADD","AR"
"CEP83","AR"
"NDUFA12","AR"
"HAL","AD"
"SLC25A3","AR"
"SCYL2","AR"
"SLC17A8","AD"
"NR1H4","AR"
"MYBPC1","AD"
"SYCP3","AD"
"GNPTAB","AR"
"NUP37","AR"
"IGF1","AR"
"PAH","AR"
"","AD"
"CHST11","AR"
"WASHC4","AR"
"POLR3B","AR"
"CRY1","AD"
"ISCU","AR"
"UNG","AR"
"MYO1H","AR"
"UBE3B","AR"
"MMAB","AR"
"MVK","AD"
"TRPV4","AD"
"IFT81","AR"
"ATP2A2","AD"
"TCTN1","AR"
"MYL2","AD"
"CUX2","AD"
"ATXN2","AD"
"ALDH2","AD"
"","AD"
"PTPN11","AD"
"TBX5","AD"
"TBX3","AD"
"MED13L","AD"
"","AD"
"HSPB8","AD"
"CIT","AR"
"COX6A1","AR"
"GATC","AR"
"COQ5","AR"
"ACADS","AR"
"HNF1A","AD"
"ORAI1","AD"
"SETD1B","AD"
"HPD","AD"
"CFAP251","AR"
"DIABLO","AD"
"VPS33A","AR"
"ZCCHC8","AD"
"MTRFR","AR"
"EIF2B1","AR"
"TCTN2","AR"
"ATP6V0A2","AR"
"DNAH10","AR"
"DHX37","AD"
"","AR"
"PUS1","AR"
"P2RX2","AD"
"POLE","AD"
"ANKLE2","AR"
"","AD"
"","AD"
"ZMYM2","AD"
"GJA3","AD"
"GJB2","AD"
"GJB6","AD"
"FGF9","AD"
"SGCG","AR"
"SACS","AR"
"MIPEP","AR"
"CENPJ","AR"
"ATP8A2","AR"
"CDK8","AD"
"","AD"
"RPL21","AD"
"POLR1D","AD"
"PDX1","AD"
"POMP","AD"
"B3GLCT","AR"
"","AD"
"BRCA2","AD"
"KL","AR"
"","AD"
"","AR"
"NBEA","AD"
"MAB21L1","AR"
"SPART","AR"
"RFXAP","AR"
"SMAD9","AD"
"EXOSC8","AR"
"UFM1","AR"
"FREM2","AR"
"COG6","AR"
"SLC25A15","AR"
"TNFSF11","AR"
"LACC1","AR"
"SNORA31","AD"
"HTR2A","AD"
"SUCLA2","AR"
"NUDT15","AD"
"ITM2B","AD"
"RB1","AD"
"LPAR6","AR"
"RCBTB1","AR"
"","AD"
"","AD"
"","AD"
"","AD"
"","AR"
"RNASEH2B","AR"
"ATP7B","AR"
"ALG11","AR"
"THSD1","AD"
"DIAPH3","AD"
"ATXN8","AD"
"","AD"
"ATXN8OS","AD"
"PIBF1","AR"
"","AD"
"CLN5","AR"
"FBXL3","AR"
"EDNRB","AD"
"POU4F1","AD"
"SPRY2","AD"
"SLITRK1","AD"
"SLITRK6","AR"
"","AD"
"","AD"
"GPC6","AR"
"DCT","AR"
"TGDS","AR"
"CLDN10","AR"
"DZIP1","AD"
"DNAJC3","AR"
"","AD"
"","AD"
"","AD"
"ZIC2","AD"
"PCCA","AR"
"NALCN","AD"
"FGF14","AD"
"TPP2","AR"
"ERCC5","AR"
"SLC10A2","AR"
"DAOA","AD"
"","AD"
"LIG4","AR"
"","AD"
"IRS2","AD"
"COL4A1","AD"
"COL4A2","AD"
"NAXD","AR"
"CARS2","AR"
"F7","AR"
"F10","AR"
"CHAMP1","AD"
"","AD"
"","AD"
"","AR"
"","AD"
"TTC5","AR"
"OSGEP","AR"
"PNP","AR"
"RPGRIP1","AR"
"SUPT16H","AD"
"CHD8","AD"
"SALL2","AR"
"TRAC","AR"
"SLC7A7","AR"
"CEBPE","AR"
"PABPN1","AD"
"MYH6","AD"
"MYH7","AD"
"ZFHX2","AD"
"NRL","AD"
"PCK2","AR"
"","AD"
"","AR"
"","AR"
"IRF9","AR"
"TINF2","AD"
"TGM1","AR"
"FOXG1","AD"
"PRKD1","AD"
"COCH","AD"
"AP4S1","AR"
"NUBPL","AR"
"CFL2","AR"
"SRP54","AD"
"PPP2R3C","AD"
"NFKBIA","AD"
"RALGAPA1","AR"
"NKX2-1","AD"
"PAX9","AD"
"SLC25A21","AR"
"SEC23A","AR"
"TRAPPC6B","AR"
"","AD"
"TOGARAM1","AR"
"FANCM","AR"
"RPS29","AD"
"MGAT2","AR"
"DNAAF2","AR"
"NEMF","AR"
"2 SOS","AD"
"L2HGDH","AR"
"","AD"
"","AR"
"ATL1","AD"
"NIN","AR"
"PYGL","AR"
"PTGER2","AR"
"DDHD1","AR"
"BMP4","AD"
"GCH1","AD"
"","AD"
"TMEM260","AR"
"OTX2","AD"
"KIAA0586","AR"
"DACT1","AD"
"C14orf39","AR"
"SIX6","AR"
"SIX1","AD"
"TRMT5","AR"
"SYNE2","AD"
"ESR2","AD"
"MTHFD1","AR"
"SPTB","AD"
"MAX","AD"
"FUT8","AR"
"GPHN","AR"
"PIGH","AR"
"RDH11","AR"
"RDH12","AD"
"ZFYVE26","AR"
"ACTN1","AD"
"SLC10A1","AR"
"SMOC1","AR"
"COX16","AR"
"PSEN1","AD"
"","AD"
"DNAL1","AR"
"COQ6","AR"
"ALDH6A1","AR"
"ABCD4","AR"
"NPC2","AR"
"ISCA2","AR"
"LTBP2","AR"
"DLST","AD"
"EIF2B2","AR"
"MLH3","AD"
"NEK9","AR"
"FLVCR2","AR"
"TTLL5","AR"
"TGFB3","AD"
"IFT43","AR"
"ESRRB","AR"
"IRF2BPL","AD"
"POMT2","AR"
"GSTZ1","AR"
"VIPAS39","AR"
"SPTLC2","AD"
"TSHR","AD"
"","AR"
"","AD"
"GALC","AR"
"ZC3H14","AR"
"TTC8","AR"
"TDP1","AR"
"CALM1","AD"
"GPR68","AR"
"CCDC88C","AD"
"FBLN5","AD"
"TRIP11","AR"
"ATXN3","AD"
"SLC24A4","AR"
"TMEM251","AR"
"UBR7","AR"
"SERPINA6","AD"
"SERPINA1","AR"
"GSC","AR"
"DICER1","AD"
"GLRX5","AR"
"AK7","AR"
"VRK1","AR"
"BCL11B","AD"
"CCNK","AD"
"EML1","AR"
"YY1","AD"
"WARS1","AD"
"DYNC1H1","AD"
"TECPR2","AR"
"AMN","AR"
"MARK3","AR"
"","AD"
"","AD"
"","AD"
"","AD"
"","AR"
"","AD"
"COA8","AR"
"XRCC3","AD"
"TDRD9","AR"
"INF2","AD"
"ADSS1","AR"
"ZBTB42","AR"
"BRF1","AR"
"PACS2","AD"
"IGHM","AR"
"","AR"
"","AD"
"","AD"
"","AD"
"NIPA1","AD"
"MKRN3","AD"
"MAGEL2","AD"
"NDN","AD"
"SNRPN","AD"
"UBE3A","AD"
"GABRB3","AD"
"GABRA5","AD"
"OCA2","AR"
"","AR"
"HERC2","AR"
"NSMCE3","AR"
"","AR"
"FAN1","AR"
"","AD"
"","AR"
"SLC12A6","AR"
"NOP10","AR"
"ACTC1","AD"
"CDIN1","AR"
"MEIS2","AD"
"SPRED1","AD"
"RASGRP1","AR"
"EIF2AK4","AR"
"BUB1B","AD"
"IVD","AR"
"CHST14","AR"
"CCDC32","AR"
"KNL1","AR"
"RAD51","AD"
"DLL4","AD"
"CHP1","AR"
"NDUFAF1","AR"
"MAPKBP1","AR"
"CAPN3","AD"
"CDAN1","AR"
"TTBK2","AD"
"UBR1","AR"
"TGM5","AR"
"","AR"
"","AD"
"","AD"
"TUBGCP4","AR"
"STRC","AR"
"SPG11","AR"
"PATL2","AR"
"B2M","AD"
"SORD","AR"
"DUOX2","AR"
"DUOXA2","AR"
"GATM","AD"
"BLOC1S6","AR"
"SQOR","AR"
"SLC24A5","AR"
"SLC12A1","AR"
"FBN1","AD"
"CEP152","AR"
"HDC","AD"
"TRPM7","AD"
"AP4E1","AD"
"CYP19A1","AD"
"GLDN","AR"
"DMXL2","AD"
"GNB5","AR"
"MYO5A","AR"
"","AD"
"WDR72","AR"
"RAB27A","AR"
"PIGB","AR"
"DNAAF4","AD"
"MNS1","AR"
"TCF12","AD"
"LIPC","AD"
"ADAM10","AD"
"MYO1E","AR"
"RORA","AD"
"VPS13C","AR"
"TPM1","AD"
"CA12","AR"
"HERC1","AR"
"PPIB","AR"
"TRIP4","AR"
"SPG21","AR"
"MTFMT","AR"
"SLC51B","AR"
"KBTBD13","AD"
"CLPX","AD"
"SLC24A1","AR"
"MAP2K1","AD"
"SMAD6","AD"
"SMAD3","AD"
"AAGAB","AD"
"CLN6","AR"
"NR2E3","AD"
"MYO9A","AR"
"HEXA","AR"
"BBS4","AR"
"HCN4","AD"
"REC114","AR"
"LOXL1","AD"
"STRA6","AR"
"EDC3","AR"
"MPI","AR"
"COX5A","AR"
"SIN3A","AD"
"ETFA","AR"
"","AR"
"","AD"
"SCAPER","AR"
"PSTPIP1","AD"
"LINGO1","AR"
"TBC1D2B","AR"
"CIB2","AR"
"IDH3A","AR"
"IREB2","AR"
"CHRNA3","AR"
"MIR184","AD"
"MTHFS","AR"
"FAH","AR"
"ARNT2","AR"
"MESD","AR"
"EFL1","AR"
"RPS17","AD"
"AP3B2","AR"
"HOMER2","AD"
"BNC1","AD"
"WDR73","AR"
"","AD"
"","AD"
"ALPK3","AR"
"SLC28A1","AR"
"AGBL1","AD"
"","AD"
"ACAN","AD"
"RLBP1","AD"
"FANCI","AR"
"POLG","AD"
"KIF7","AR"
"PLIN1","AD"
"MESP2","AR"
"CIB1","AR"
"BLM","AR"
"UNC45A","AR"
"VPS33B","AR"
"CHD2","AD"
"NR2F2","AD"
"","AD"
"IGF1R","AD"
"MEF2A","AD"
"ADAMTS17","AR"
"CERS3","AR"
"LINS1","AR"
"ALDH1A3","AR"
"CHSY1","AR"
"","AD"
"","AD"
"","AD"
"","AD"
"POLR3K","AR"
"NPRL3","AD"
"HBA2","AD"
"HBA1","AD"
"CAPN15","AR"
"PIGQ","AR"
"STUB1","AD"
"CCDC78","AD"
"LMF1","AR"
"CACNA1H","AD"
"GNPTG","AR"
"PERCC1","AR"
"CLCN7","AD"
"TELO2","AR"
"IFT140","AR"
"MAPK8IP3","AD"
"MRPS34","AR"
"IGFALS","AR"
"HAGH","AD"
"MEIOB","AR"
"HS3ST6","AD"
"RPL3L","AR"
"NDUFB10","AR"
"GFER","AR"
"NTHL1","AR"
"TSC2","AD"
"PKD1","AD"
"TRAF7","AD"
"ABCA3","AR"
"TBC1D24","AD"
"CLDN9","AR"
"THOC6","AR"
"MEFV","AD"
"SLX4","AR"
"DNASE1","AD"
"CREBBP","AD"
"PAM16","AR"
"SEPTIN12","AD"
"ROGDI","AR"
"ALG1","AR"
"ABAT","AR"
"PMM2","AR"
"USP7","AD"
"GRIN2A","AD"
"EMP2","AR"
"CIITA","AR"
"SOCS1","AD"
"LITAF","AD"
"ERCC4","AR"
"PARN","AD"
"","AD"
"NDE1","AR"
"MYH11","AD"
"ABCC1","AD"
"ABCC6","AD"
"XYLT1","AR"
"RPS15A","AD"
"ARL6IP1","AR"
"COQ7","AR"
"VPS35L","AR"
"UMOD","AD"
"ZP2","AR"
"","AR"
"CRYM","AD"
"OTOA","AR"
"UQCRC2","AR"
"SCNN1G","AD"
"SCNN1B","AD"
"COG7","AR"
"EARS2","AR"
"PALB2","AD"
"","AD"
"TNRC6A","AD"
"IL4R","AD"
"IL21R","AD"
"KATNIP","AR"
"CLN3","AR"
"TUFM","AR"
"ATP2A1","AR"
"CD19","AR"
"LAT","AR"
"KIF22","AD"
"PRRT2","AD"
"TLCD3B","AR"
"ALDOA","AR"
"TBX6","AD"
"CORO1A","AR"
"MYLPF","AD"
"SRCAP","AD"
"PHKG2","AR"
"SETD1A","AD"
"HSD3B7","AR"
"STX1B","AD"
"VKORC1","AD"
"KAT8","AD"
"FUS","AD"
"COX6A2","AR"
"ARMC5","AD"
"SLC5A2","AD"
"","AD"
"","AD"
"","AD"
"VPS35","AD"
"ORC6","AR"
"GPT2","AR"
"PHKB","AR"
"ABCC11","AD"
"SIAH1","AD"
"ZNF423","AD"
"NOD2","AD"
"CYLD","AD"
"SALL1","AD"
"RPGRIP1L","AR"
"FTO","AR"
"IRX5","AR"
"MMP2","AR"
"CES1","AD"
"","AD"
"GNAO1","AD"
"BBS2","AR"
"NUP93","AR"
"SLC12A3","AR"
"CETP","AD"
"RSPRY1","AR"
"ARL2BP","AR"
"","AD"
"COQ9","AR"
"ADGRG1","AR"
"KATNB1","AR"
"CNGB1","AR"
"USB1","AR"
"CNOT1","AD"
"GOT2","AR"
"CDH11","AR"
"BEAN1","AD"
"TK2","AR"
"","AD"
"","AD"
"HSF4","AD"
"NOL3","AD"
"HSD11B2","AR"
"AGRP","AD"
"CTCF","AD"
"CARMIL2","AR"
"ACD","AD"
"CENPT","AR"
"PSMB10","AR"
"LCAT","AR"
"SLC7A6OS","AR"
"PRMT7","AR"
"CDH3","AR"
"CDH1","AD"
"VPS4A","AD"
"MIR140","AD"
"AARS1","AD"
"FCSK","AR"
"COG4","AD"
"VAC14","AR"
"HYDIN","AR"
"TAT","AR"
"DHODH","AR"
"DHX38","AR"
"PMFBP1","AR"
"RFWD3","AR"
"FA2H","AR"
"LDHD","AR"
"CHST6","AR"
"TMEM231","AR"
"KARS1","AR"
"ADAMTS18","AR"
"WWOX","AR"
"MAF","AD"
"GCSH","AR"
"BCO1","AD"
"GAN","AR"
"PLCG2","AD"
"MLYCD","AR"
"SLC38A8","AR"
"MBTPS1","AR"
"DNAAF1","AR"
"COX4I1","AR"
"IRF8","AD"
"FOXF1","AD"
"FOXC2","AD"
"FBXO31","AR"
"JPH3","AD"
"CA5A","AR"
"ZNF469","AR"
"CYBA","AR"
"MVD","AD"
"CTU2","AR"
"PIEZO1","AD"
"CDT1","AR"
"APRT","AR"
"GALNS","AR"
"TRAPPC2L","AR"
"ANKRD11","AD"
"SPG7","AD"
"RPL13","AD"
"CHMP1A","AR"
"CDK10","AR"
"FANCA","AR"
"MC1R","AR"
"TUBB3","AD"
"GAS8","AR"
"","AD"
"","AD"
"","AD"
"VPS53","AR"
"GEMIN4","AR"
"NXN","AR"
"TIMM22","AR"
"BHLHA9","AR"
"INPP5K","AR"
"PRPF8","AD"
"WDR81","AR"
"SERPINF2","AR"
"SERPINF1","AR"
"DPH1","AR"
"PAFAH1B1","AD"
"","AR"
"ASPA","AR"
"TRPV3","AD"
"SHPK","AR"
"CTNS","AR"
"SPNS2","AR"
"ZMYND15","AR"
"CHRNE","AD"
"GP1BA","AD"
"SLC25A11","AD"
"ENO3","AR"
"KIF1C","AR"
"SLC52A1","AD"
"NUP88","AR"
"C1QBP","AR"
"NLRP1","AD"
"AIPL1","AD"
"PITPNM3","AD"
"","AD"
"","AD"
"","AD"
"","AD"
"KIAA0753","AR"
"SLC13A5","AR"
"DLG4","AD"
"ACADVL","AR"
"EIF5A","AD"
"CHRNB1","AD"
"POLR2A","AD"
"MPDU1","AR"
"TP53","AD"
"WRAP53","AR"
"DNAH2","AR"
"KDM6B","AD"
"CHD3","AD"
"GUCY2D","AD"
"ALOX12B","AR"
"ALOXE3","AR"
"HES7","AR"
"VAMP2","AD"
"TMEM107","AR"
"SNORD118","AR"
"CTC1","AR"
"RPL26","AD"
"PIK3R5","AR"
"NTN1","AD"
"MYH8","AD"
"MYH2","AD"
"MYH3","AD"
"SCO1","AR"
"","AD"
"","AR"
"","AR"
"","AD"
"DNAH9","AR"
"MYOCD","AD"
"ELAC2","AR"
"PMP22","AD"
"TTC19","AR"
"PIGL","AR"
"TNFRSF13B","AD"
"FLCN","AD"
"RAI1","AD"
"SREBF1","AD"
"ATPAF2","AR"
"MYO15A","AR"
"MIEF2","AR"
"TOP3A","AR"
"GRAP","AR"
"B9D1","AR"
"ALDH3A2","AR"
"AKAP10","AD"
"KCNJ18","AD"
"","AD"
"","AD"
"","AD"
"","AD"
"TMEM199","AR"
"SLC46A1","AR"
"FOXN1","AR"
"UNC119","AD"
"PIGS","AR"
"NEK8","AR"
"ERAL1","AR"
"CRYBA1","AD"
"SLC6A4","AD"
"NF1","AD"
"SUZ12","AD"
"TMEM98","AD"
"","AD"
"","AD"
"","AD"
"CCL2","AD"
"CCL11","AD"
"TMEM132E","AR"
"UNC45B","AD"
"SLFN14","AD"
"PEX12","AR"
"GAS2L2","AR"
"ZNHIT3","AR"
"PIGW","AR"
"ACACA","AR"
"HNF1B","AD"
"GPR179","AR"
"PCGF2","AD"
"NEUROD2","AD"
"TCAP","AD"
"PGAP3","AR"
"ERBB2","AR"
"THRA","AD"
"CDC6","AR"
"SMARCE1","AD"
"KRT25","AR"
"KRT10","AD"
"KRT12","AD"
"KRT13","AD"
"KRT9","AD"
"KRT14","AD"
"KRT16","AD"
"KRT17","AD"
"JUP","AD"
"FKBP10","AR"
"KLHL10","AD"
"ODAD4","AR"
"CNP","AR"
"HCRT","AD"
"STAT5B","AD"
"STAT3","AD"
"CAVIN1","AR"
"NAGLU","AD"
"COASY","AR"
"PSMC3IP","AR"
"TUBG1","AD"
"CNTNAP1","AR"
"WNK4","AD"
"COA3","AR"
"","AR"
"","AR"
"G6PC1","AR"
"RPL27","AD"
"BRCA1","AD"
"MEOX1","AR"
"SOST","AD"
"NAGS","AR"
"G6PC3","AR"
"UBTF","AD"
"SLC4A1","AD"
"GRN","AD"
"ITGA2B","AD"
"FZD2","AD"
"EFTUD2","AD"
"CCDC103","AR"
"GFAP","AD"
"PLEKHM1","AD"
"MAPT","AD"
"KANSL1","AD"
"NSF","AD"
"WNT3","AR"
"GOSR2","AR"
"MYL4","AD"
"TBX21","AR"
"PNPO","AR"
"HOXB1","AR"
"","AD"
"","AD"
"PHB","AD"
"SPOP","AD"
"DLX4","AD"
"DLX3","AD"
"ITGA3","AR"
"SGCA","AR"
"COL1A1","AD"
"XYLT2","AR"
"CACNA1G","AD"
"NOG","AD"
"DGKE","AR"
"MRPS23","AR"
"EPX","AR"
"MKS1","AR"
"MPO","AD"
"RNF43","AD"
"TEX14","AR"
"RAD51C","AR"
"TRIM37","AR"
"SMG8","AR"
"","AD"
"CLTC","AD"
"PTRH2","AR"
"","AD"
"PPM1D","AD"
"TBX2","AD"
"TBX4","AD"
"BRIP1","AD"
"MED13","AD"
"TLK2","AD"
"TANC2","AD"
"CYB561","AR"
"ACE","AR"
"TACO1","AR"
"STRADA","AR"
"CCDC47","AR"
"SMARCD2","AR"
"GH1","AD"
"CD79B","AR"
"SCN4A","AD"
"POLG2","AD"
"AXIN2","AD"
"CEP112","AR"
"","AR"
"PSMD12","AD"
"BPTF","AD"
"ARSG","AR"
"PRKAR1A","AD"
"FAM20A","AR"
"","AD"
"","AR"
"","AD"
"","AD"
"ABCA5","AR"
"KCNJ16","AR"
"KCNJ2","AD"
"SOX9","AD"
"","AR"
"COG1","AR"
"DNAI2","AR"
"SLC9A3R1","AD"
"FDXR","AR"
"USH1G","AR"
"NUP85","AR"
"MRPS7","AR"
"SLC25A19","AR"
"TMEM94","AR"
"TSEN54","AR"
"ITGB4","AD"
"GALK1","AR"
"UNC13D","AR"
"WBP2","AR"
"ACOX1","AD"
"FOXJ1","AD"
"QRICH2","AR"
"RHBDF2","AD"
"METTL23","AR"
"","AD"
"SEPTIN9","AD"
"TMC6","AR"
"TMC8","AR"
"DNAH17","AR"
"CANT1","AR"
"CBX2","AR"
"CCDC40","AR"
"GAA","AR"
"EIF4A3","AR"
"CARD14","AD"
"SGSH","AR"
"RNF213","AD"
"NDUFAF8","AR"
"ACTG1","AD"
"PDE6G","AR"
"MRPL12","AR"
"SLC25A10","AR"
"GCGR","AR"
"P4HB","AD"
"ARHGDIA","AR"
"PCYT2","AR"
"PYCR1","AR"
"RAC3","AD"
"DCXR","AR"
"CSNK1D","AD"
"CYBC1","AR"
"WDR45B","AR"
"TBCD","AR"
"","AD"
"","AR"
"","AD"
"","AD"
"","AD"
"SMCHD1","AD"
"","AR"
"","AD"
"","AD"
"TGIF1","AD"
"LAMA1","AR"
"","AD"
"NDUFV2","AR"
"APCDD1","AD"
"PIEZO2","AD"
"","AD"
"GNAL","AD"
"TUBB6","AD"
"AFG3L2","AD"
"PSMG2","AR"
"MC2R","AR"
"","AD"
"","AD"
"","AD"
"","AD"
"GREB1L","AD"
"","AR"
"MIB1","AD"
"GATA6","AD"
"RBBP8","AR"
"NPC1","AR"
"LAMA3","AR"
"TAF4B","AR"
"KCTD1","AD"
"","AD"
"CDH2","AD"
"DSC3","AR"
"DSC2","AD"
"DSG1","AD"
"DSG4","AR"
"DSG3","AR"
"DSG2","AD"
"TTR","AD"
"RNF125","AD"
"ASXL3","AD"
"DTNA","AD"
"MAPRE2","AD"
"ELP2","AR"
"MOCOS","AR"
"FHOD3","AD"
"SETBP1","AD"
"EPG5","AR"
"","AD"
"ATP5F1A","AR"
"LOXHD1","AR"
"IER3IP1","AR"
"DYM","AR"
"MYO5B","AR"
"CFAP53","AR"
"SMAD4","AD"
"DCC","AD"
"TCF4","AD"
"FECH","AR"
"NARS1","AR"
"ATP8B1","AD"
"NEDD4L","AD"
"MALT1","AR"
"RAX","AR"
"LMAN1","AR"
"CCBE1","AR"
"MC4R","AD"
"","AD"
"","AR"
"PIGN","AR"
"TNFRSF11A","AD"
"KDSR","AR"
"SERPINB7","AR"
"","AR"
"SERPINB8","AR"
"RTTN","AR"
"CYB5A","AR"
"TSHZ1","AD"
"CTDP1","AR"
"TXNL4A","AR"
"","AD"
"","AD"
"","AD"
"","AD"
"","AD"
"HCN2","AD"
"ELANE","AD"
"CFD","AR"
"KISS1R","AD"
"ABCA7","AD"
"GPX4","AR"
"STK11","AD"
"ATP5F1D","AR"
"NDUFS7","AR"
"GAMT","AR"
"APC2","AR"
"REEP6","AR"
"TCF3","AD"
"ADAT3","AR"
"AP3D1","AR"
"AMH","AR"
"LMNB2","AD"
"TLE6","AR"
"GNA11","AD"
"GIPC3","AR"
"TBXA2R","AD"
"PIP5K1C","AR"
"RAX2","AD"
"ATCAY","AR"
"EEF2","AD"
"MAP2K2","AD"
"CREB3L3","AD"
"SH3GL1","AD"
"SEMA6B","AD"
"TICAM1","AD"
"KDM4B","AD"
"MICOS13","AR"
"LONP1","AR"
"NDUFA11","AR"
"CLPP","AR"
"TUBB4A","AD"
"CD70","AR"
"C3","AD"
"","AD"
"INSR","AD"
"ARHGEF18","AR"
"MCOLN1","AR"
"PNPLA6","AR"
"PET100","AR"
"RETN","AD"
"RPS28","AD"
"ANGPTL4","AD"
"RAB11B","AD"
"ADAMTS10","AR"
"ZNF699","AR"
"DNMT1","AD"
"S1PR2","AR"
"FDX2","AR"
"TYK2","AR"
"DNM2","AD"
"SMARCA4","AD"
"LDLR","AD"
"KANK2","AR"
"DOCK6","AR"
"EPOR","AD"
"ODAD3","AR"
"PRKCSH","AD"
"ACP5","AR"
"MAN2B1","AR"
"DHPS","AR"
"RNASEH2A","AR"
"MAST1","AD"
"KLF1","AD"
"GCDH","AR"
"FARSA","AR"
"NFIX","AD"
"TRMT1","AR"
"NACC1","AD"
"CACNA1A","AD"
"CC2D1A","AR"
"PRKACA","AD"
"GIPC1","AD"
"TECR","AR"
"ADGRE2","AD"
"CASP14","AR"
"NOTCH3","AD"
"CYP4F22","AR"
"","AD"
"","AD"
"CPAMD8","AR"
"GTPBP3","AR"
"PLVAP","AR"
"COLGALT1","AR"
"FCHO1","AR"
"INSL3","AD"
"JAK3","AR"
"SLC5A5","AR"
"IL12RB1","AR"
"PIK3R2","AD"
"CRLF1","AR"
"COMP","AD"
"CERS1","AR"
"GDF1","AD"
"SLC25A42","AR"
"RFXANK","AR"
"NDUFA13","AR"
"","AD"
"UQCRFS1","AR"
"C19orf12","AD"
"","AD"
"","AD"
"SLC7A9","AD"
"CEBPA","AD"
"PEPD","AR"
"CHST8","AR"
"GPI","AR"
"SCN1B","AD"
"LGI4","AR"
"HAMP","AR"
"MAG","AR"
"COX6B1","AR"
"KMT2B","AD"
"PSENEN","AD"
"NPHS1","AR"
"TYROBP","AR"
"SDHAF1","AR"
"SYNE4","AR"
"WDR62","AR"
"SIPA1L3","AR"
"","AR"
"","AR"
"SPINT2","AR"
"YIF1B","AR"
"RYR1","AD"
"ACTN4","AD"
"SARS2","AR"
"PLEKHG2","AR"
"TIMM50","AR"
"DLL3","AR"
"DYRK1B","AD"
"AKT2","AD"
"PLD3","AD"
"PRX","AD"
"SPTBN4","AR"
"LTBP4","AR"
"COQ8B","AR"
"CYP2A6","AD"
"TGFB1","AD"
"B9D2","AR"
"BCKDHA","AR"
"RPS19","AD"
"CD79A","AR"
"ARHGEF1","AR"
"ATP1A3","AD"
"ERF","AD"
"CIC","AD"
"MEGF8","AR"
"LIPE","AR"
"ETHE1","AR"
"XRCC1","AR"
"SMG9","AR"
"KCNN4","AD"
"CEACAM16","AD"
"BCAM","AR"
"APOE","AD"
"APOC2","AR"
"RELB","AR"
"BLOC1S3","AR"
"ERCC2","AR"
"ERCC1","AR"
"RTN2","AD"
"OPA3","AD"
"DMPK","AD"
"NOVA2","AD"
"CCDC8","AR"
"CALM3","AD"
"FKRP","AR"
"AP2S1","AD"
"KPTN","AR"
"BICRA","AD"
"CRX","AD"
"CARD8","AD"
"ODAD1","AR"
"GRIN2D","AD"
"SULT2B1","AR"
"RPL18","AD"
"FUT2","AR"
"FUT1","AR"
"BCAT2","AR"
"FTL","AD"
"GYS1","AR"
"LHB","AR"
"TRPM4","AD"
"PRR12","AD"
"IRF3","AD"
"CPT1C","AD"
"FUZ","AD"
"MED25","AR"
"PNKP","AR"
"NUP62","AR"
"MYH14","AD"
"KCNC3","AD"
"POLD1","AD"
"EMC10","AR"
"ACP4","AR"
"KLK4","AR"
"ETFB","AR"
"LIM2","AR"
"PPP2R1A","AD"
"NLRP12","AD"
"PRKCG","AD"
"PRPF31","AD"
"CNOT3","AD"
"MBOAT7","AR"
"TSEN34","AR"
"NLRP7","AR"
"GP6","AR"
"TNNT1","AR"
"TNNI3","AD"
"DNAAF3","AR"
"","AD"
"","AR"
"","AD"
"","AD"
"AURKC","AR"
"RBCK1","AR"
"TBC1D20","AR"
"CSNK2A1","AD"
"SLC52A3","AR"
"RSPO4","AR"
"PDYN","AD"
"TGM3","AR"
"TGM6","AD"
"SNRPB","AD"
"NOP56","AD"
"IDH3B","AR"
"VPS16","AD"
"AVP","AD"
"DDRGK1","AR"
"ITPA","AR"
"SLC4A11","AR"
"PANK2","AR"
"PRNP","AD"
"","AD"
"PCNA","AR"
"PROKR2","AD"
"MCM8","AR"
"FERMT1","AR"
"BMP2","AD"
"PLCB1","AR"
"PLCB4","AD"
"SNAP25","AD"
"MKKS","AR"
"JAG1","AD"
"TASP1","AR"
"NDUFAF5","AR"
"FLRT3","AD"
"BFSP1","AD"
"MGME1","AR"
"OVOL2","AD"
"PET117","AR"
"SEC23B","AD"
"RIN2","AR"
"KIZ","AR"
"PAX1","AR"
"","AR"
"THBD","AD"
"GZF1","AR"
"CST3","AD"
"VSX1","AD"
"ABHD12","AR"
"GINS1","AR"
"COX4I2","AR"
"MYLK2","AD"
"POFUT1","AD"
"KIF3B","AD"
"ASXL1","AD"
"DNMT3B","AR"
"SUN5","AR"
"SNTA1","AD"
"ZNF341","AR"
"CHMP4B","AD"
"AHCY","AR"
"ITCH","AR"
"PIGU","AR"
"GSS","AR"
"GDF5","AD"
"CEP250","AR"
"RBM12","AD"
"NFS1","AR"
"","AD"
"","AR"
"EPB41L1","AD"
"MYL9","AR"
"SAMHD1","AD"
"SRC","AD"
"","AD"
"MAFB","AD"
"IFT52","AR"
"JPH2","AD"
"FITM2","AR"
"HNF4A","AD"
"ADA","AR"
"PIGT","AD"
"CTSA","AR"
"ZNF335","AR"
"SLC12A5","AD"
"CD40","AR"
"ELMO2","AR"
"SLC13A3","AR"
"TP53RK","AR"
"SLC2A10","AR"
"ARFGEF2","AR"
"KCNB1","AD"
"PTPN1","AD"
"ADNP","AD"
"DPM1","AR"
"","AR"
"","AD"
"SALL4","AD"
"CYP24A1","AR"
"AURKA","AD"
"PCK1","AR"
"VAPB","AD"
"STX16","AD"
"GNAS-AS1","AD"
"GNAS","AD"
"TUBB1","AD"
"ATP5F1E","AR"
"EDN3","AD"
"SYCP2","AR"
"OSBPL2","AD"
"GATA5","AD"
"COL9A3","AD"
"SLC17A9","AD"
"CHRNA4","AD"
"KCNQ2","AD"
"EEF1A2","AD"
"RTEL1","AD"
"DNAJC5","AD"
"PRPF6","AD"
"SOX18","AD"
"","AD"
"NRIP1","AD"
"TMPRSS15","AR"
"","AR"
"JAM2","AR"
"APP","AD"
"SOD1","AD"
"MRAP","AR"
"CFAP298","AR"
"SYNJ1","AR"
"IFNAR2","AR"
"IL10RB","AR"
"IFNGR2","AR"
"SON","AD"
"DONSON","AR"
"KCNE2","AD"
"KCNE1","AD"
"RUNX1","AD"
"CLDN14","AR"
"HLCS","AR"
"PIGP","AR"
"DYRK1A","AD"
"KCNJ6","AD"
"","AD"
"","AR"
"RIPK4","AR"
"TMPRSS3","AR"
"RSPH1","AR"
"WDR4","AR"
"CBS","AR"
"CRYAA","AD"
"SIK1","AD"
"HSF2BP","AR"
"PDXK","AR"
"CSTB","AR"
"AIRE","AD"
"CFAP410","AR"
"TSPEAR","AR"
"ITGB2","AR"
"ADARB1","AR"
"COL18A1","AD"
"SLC19A1","AR"
"COL6A1","AD"
"COL6A2","AD"
"FTCD","AR"
"LSS","AR"
"MCM3AP","AR"
"PCNT","AR"
"IL17RA","AR"
"ADA2","AR"
"","AR"
"ATP6V1E1","AR"
"PEX26","AR"
"USP18","AR"
"PRODH","AD"
"SLC25A1","AR"
"CDC45","AR"
"GP1BB","AR"
"TBX1","AD"
"TXNRD2","AR"
"COMT","AD"
"TANGO2","AR"
"RTN4R","AD"
"SCARF2","AR"
"PI4KA","AR"
"SERPIND1","AD"
"SNAP29","AR"
"LZTR1","AD"
"MAPK1","AD"
"","AD"
"","AD"
"","AD"
"","AD"
"IGLL1","AR"
"CHCHD10","AD"
"SMARCB1","AD"
"SPECC1L","AD"
"UPB1","AR"
"GGT1","AR"
"CRYBB3","AD"
"CRYBB2","AD"
"MYO18B","AR"
"HPS4","AR"
"CRYBB1","AD"
"MN1","AD"
"CHEK2","AD"
"HSCB","AR"
"KREMEN1","AR"
"AP1B1","AR"
"NEFH","AD"
"NF2","AD"
"TCN2","AR"
"MORC2","AD"
"PISD","AR"
"DEPDC5","AD"
"","AR"
"","AD"
"SLC5A1","AR"
"FBXO7","AR"
"TIMP3","AD"
"LARGE1","AR"
"TOM1","AD"
"MCM5","AR"
"APOL4","AD"
"APOL2","AD"
"MYH9","AD"
"TXN2","AR"
"CACNG2","AD"
"IFT27","AR"
"NCF4","AR"
"CSF2RB","AR"
"KCTD17","AD"
"TMPRSS6","AR"
"IL2RB","AR"
"RAC2","AD"
"TRIOBP","AR"
"SOX10","AD"
"PLA2G6","AR"
"DNAL4","AR"
"PDGFB","AD"
"TNRC6B","AD"
"ADSL","AR"
"MRTFA","AR"
"XPNPEP3","AR"
"EP300","AD"
"ACO2","AR"
"MEI1","AR"
"TNFRSF13C","AR"
"NAGA","AR"
"NDUFA6","AR"
"CYP2D6","AR"
"TCF20","AD"
"RRP7A","AR"
"CYB5R3","AR"
"FBLN1","AD"
"ATXN10","AD"
"TRMU","AR"
"CELSR1","AD"
"ALG12","AR"
"MLC1","AR"
"TUBGCP6","AR"
"SBF1","AR"
"SCO2","AD"
"TYMP","AR"
"CHKB","AR"
"ARSA","AR"
"SHANK3","AD"
"","XL"
"ARSL","XL"
"NLGN4X","XL"
"","XL"
"","XL"
"","XL"
"","XL"
"STS","XL"
"ANOS1","XL"
"TBL1X","XL"
"","XL"
"","XL"
"","XL"
"GPR143","XL"
"CLCN4","XL"
"MID1","XL"
"HCCS","XL"
"AMELX","XL"
"MSL3","XL"
"FRMPD4","XL"
"TLR7","XL"
"TRAPPC2","XL"
"OFD1","XL"
"FANCB","XL"
"PIGA","XL"
"AP1S2","XL"
"NHS","XL"
"CDKL5","XL"
"RS1","XL"
"PHKA2","XL"
"ADGRG2","XL"
"PDHA1","XL"
"SH3KBP1","XL"
"RPS6KA3","XL"
"CNKSR2","XL"
"SMPX","XL"
"MBTPS2","XL"
"","XL"
"","XL"
"SMS","XL"
"PHEX","XL"
"PTCHD1","XL"
"KLHL15","XL"
"EIF2S3","XL"
"PDK3","XL"
"POLA1","XL"
"","XL"
"","XL"
"ARX","XL"
"IL1RAPL1","XL"
"","XL"
"NR0B1","XL"
"GK","XL"
"DMD","XL"
"","XL"
"CFAP47","XL"
"XK","XL"
"CYBB","XL"
"","XL"
"","XL"
"RPGR","XL"
"OTC","XL"
"TSPAN7","XL"
"BCOR","XL"
"ATP6AP2","XL"
"USP9X","XL"
"DDX3X","XL"
"NYX","XL"
"CASK","XL"
"","XL"
"","XL"
"","XL"
"","XL"
"","XL"
"","XL"
"","XL"
"","XL"
"MAOA","XL"
"NDP","XL"
"KDM6A","XL"
"SLC9A7","XL"
"RP2","XL"
"NDUFB11","XL"
"RBM10","XL"
"UBA1","XL"
"SYN1","XL"
"","XL"
"CFP","XL"
"FTSJ1","XL"
"PORCN","XL"
"EBP","XL"
"WAS","XL"
"GATA1","XL"
"HDAC6","XL"
"PQBP1","XL"
"SLC35A2","XL"
"OTUD5","XL"
"WDR45","XL"
"PRICKLE3","XL"
"SYP","XL"
"CACNA1F","XL"
"CCDC22","XL"
"FOXP3","XL"
"USP27X","XL"
"CLCN5","XL"
"","XL"
"","XL"
"SHROOM4","XL"
"BMP15","XL"
"KDM5C","XL"
"IQSEC2","XL"
"SMC1A","XL"
"HSD17B10","XL"
"HUWE1","XL"
"PHF8","XL"
"TSR2","XL"
"FGD1","XL"
"","XL"
"MAGED2","XL"
"ALAS2","XL"
"UBQLN2","XL"
"","XL"
"","XL"
"","XL"
"","XL"
"","XL"
"","XL"
"","XL"
"","XL"
"ARHGEF9","XL"
"","XL"
"AMER1","XL"
"ZC4H2","XL"
"","XL"
"","XL"
"LAS1L","XL"
"MSN","XL"
"AR","AD"
"OPHN1","XL"
"","XL"
"EFNB1","XL"
"EDA","XL"
"IGBP1","XL"
"ARR3","XL"
"KIF4A","XL"
"DLG3","XL"
"TEX11","XL"
"IL2RG","XL"
"MED12","XL"
"NLGN3","XL"
"GJB1","XL"
"NONO","XL"
"TAF1","XL"
"OGT","XL"
"HDAC8","XL"
"PHKA1","XL"
"","XL"
"SLC16A2","XL"
"RLIM","XL"
"","XL"
"","XL"
"NEXMIF","XL"
"ABCB7","XL"
"FGF16","XL"
"ATRX","XL"
"MAGT1","XL"
"COX7B","XL"
"ATP7A","XL"
"1,00 PGK","XL"
"TBX22","XL"
"BRWD3","XL"
"POU3F4","XL"
"ZNF711","XL"
"POF1B","XL"
"CHM","XL"
"","XL"
"","XL"
"DIAPH2","XL"
"PCDH19","XL"
"TIMM8A","XL"
"BTK","XL"
"GLA","XL"
"HNRNPH2","XL"
"GPRASP2","XL"
"","XL"
"PLP1","XL"
"","XL"
"SERPINA7","XL"
"TBC1D8B","XL"
"CLDN2","XL"
"DNAAF6","XL"
"PRPS1","XL"
"MID2","XL"
"COL4A6","XL"
"COL4A5","XL"
"IRS4","XL"
"","XL"
"ACSL4","XL"
"AMMECR1","XL"
"CHRDL1","XL"
"PAK3","XL"
"DCX","XL"
"ALG13","XL"
"PLS3","XL"
"","XL"
"","XL"
"","XL"
"","XL"
"","XL"
"","XL"
"","XL"
"","XL"
"STEEP1","XL"
"UBE2A","XL"
"UPF3B","XL"
"RNF113A","XL"
"NDUFA1","XL"
"NKAP","XL"
"LAMP2","XL"
"CUL4B","XL"
"GLUD2","AD"
"","XL"
"","XL"
"","XL"
"","XL"
"","XL"
"GRIA3","XL"
"THOC2","XL"
"XIAP","XL"
"STAG2","XL"
"SH2D1A","XL"
"OCRL","XL"
"ZDHHC9","XL"
"BCORL1","XL"
"AIFM1","XL"
"IGSF1","XL"
"FRMD7","XL"
"HS6ST2","XL"
"GPC4","XL"
"GPC3","XL"
"PHF6","XL"
"HPRT1","XL"
"","XL"
"","XL"
"","XL"
"","XL"
"","XL"
"","XL"
"","XL"
"","XL"
"SLC9A6","XL"
"FHL1","XL"
"CD40LG","XL"
"RBMX","XL"
"GPR101","XL"
"ZIC3","XL"
"FGF13","XL"
"","XL"
"","XL"
"F9","XL"
"ATP11C","XL"
"SOX3","XL"
"","XL"
"","XL"
"","XL"
"","XL"
"FMR1","XL"
"","XL"
"","XL"
"","XL"
"","XL"
"","XL"
"","XL"
"","XL"
"","XL"
"AFF2","XL"
"IDS","XL"
"MAMLD1","XL"
"MTM1","XL"
"HMGB3","XL"
"VMA21","XL"
"NSDHL","XL"
"BGN","XL"
"ATP2B3","XL"
"CCNQ","XL"
"SLC6A8","XL"
"BCAP31","XL"
"ABCD1","XL"
"SSR4","XL"
"L1CAM","XL"
"AVPR2","XL"
"NAA10","XL"
"HCFC1","XL"
"MECP2","XL"
"OPN1LW","XL"
"OPN1MW","XL"
"FLNA","XL"
"EMD","XL"
"RPL10","XL"
"TAFAZZIN","XL"
"ATP6AP1","XL"
"GDI1","XL"
"FAM50A","XL"
"LAGE3","XL"
"G6PD","XL"
"IKBKG","XL"
"DKC1","XL"
"F8","XL"
"RAB39B","XL"
"CLIC2","XL"
"TMLHE","XL"
"","XL"
"","XL"
"","XL"
"","XL"
"","XL"
"SRY","XL"
